Garage_Cars,Gr_Liv_Area,Total_Bsmt_SF,Exter_Qual_Typical,First_Flr_SF,Year_Built,Second_Flr_SF,Fireplace_Qu_No_Fireplace,Wood_Deck_SF,Central_Air_Y
3,2002,1001,1,1001,1949,1001,1,0,0
1,1473,1437,1,1473,1968,0,0,0,1
2,1525,813,1,813,1997,712,0,421,1
2,1191,1191,0,1191,1989,0,0,112,1
2,1414,1375,0,1414,2004,0,0,144,1
1,2210,1008,1,1178,1880,1032,1,0,1
2,1125,1125,1,1125,2006,0,1,80,1
2,1646,1594,0,1646,2004,0,0,128,1
2,2515,2035,0,2515,1957,0,0,0,1
3,1200,1200,1,1200,1964,0,1,0,1
1,912,912,1,912,1967,0,0,0,1
2,1873,608,1,983,1935,890,0,0,1
1,1152,1092,1,1152,1950,0,0,0,1
3,2400,1082,0,1105,2003,1295,0,114,1
2,1573,1078,1,1128,1930,445,0,0,1
0,1355,644,1,808,1940,547,1,140,1
2,1362,1362,1,1362,1961,0,0,0,1
2,1155,1109,1,1155,1961,0,1,192,1
2,1504,1504,0,1504,2006,0,1,144,1
1,1092,1092,1,1092,1962,0,0,0,1
2,990,990,1,990,1994,0,1,0,1
1,1113,1113,0,1113,1950,0,0,0,1
2,1246,1146,0,1246,2007,0,0,100,1
2,2098,1040,0,1044,1997,1054,0,331,1
2,2393,970,0,1469,1998,924,0,0,1
0,2650,0,1,862,1967,1788,1,0,1
0,1440,1440,1,1440,1955,0,1,0,0
3,1734,1734,0,1734,2007,0,0,0,1
1,987,483,1,483,1972,504,1,411,1
2,1456,855,0,855,1978,601,0,147,1
2,1220,1220,0,1220,2005,0,0,100,1
3,1776,1584,1,1776,1958,0,1,0,1
2,1479,1453,0,1479,2003,0,1,144,1
1,1092,546,1,546,1970,546,1,0,1
2,1556,716,1,716,1980,840,0,161,1
2,1496,654,0,664,2006,832,0,100,1
1,1221,784,1,949,1924,272,1,0,1
1,792,792,1,792,1958,0,1,0,1
0,3086,1598,1,1636,1946,971,0,122,1
1,1024,1008,1,1024,1956,0,0,0,1
2,1092,1092,1,1092,1964,0,1,0,1
3,1720,1720,0,1720,2008,0,0,208,1
2,2704,1952,0,2000,1972,704,0,269,1
0,693,693,1,693,1941,0,1,0,0
2,1728,1728,1,1728,1976,0,1,40,1
1,1450,624,1,730,1920,720,1,0,1
0,840,672,1,840,1930,0,0,0,1
1,1096,1008,1,1096,1975,0,0,0,1
1,872,872,1,872,1924,0,0,0,0
3,1959,1907,1,1959,1988,0,1,0,1
1,1304,264,1,616,1976,688,0,141,1
2,1511,802,1,802,1997,709,0,95,1
2,864,864,1,864,1951,0,1,0,1
1,960,960,1,960,1955,0,1,0,1
1,1319,608,1,1319,1953,0,1,66,1
1,1092,525,1,525,1973,567,1,144,1
2,1625,1625,1,1625,1965,0,1,0,1
1,1577,972,1,972,1939,605,0,0,1
1,882,0,1,882,1959,0,1,0,1
3,1865,992,0,992,2000,873,0,0,1
3,1500,1356,0,1500,2006,0,0,161,1
2,1536,768,0,768,2005,768,0,100,1
2,2320,0,1,1547,1948,720,0,120,1
1,1427,483,1,741,1915,686,1,0,1
2,1961,804,1,804,2001,1157,0,125,1
1,808,0,1,808,1945,0,1,0,0
1,1938,942,1,1265,1937,673,0,0,1
0,1355,684,1,773,1914,582,1,136,1
1,1041,1041,1,1041,1958,0,1,0,1
1,1032,1032,1,1032,1924,0,1,0,0
1,694,440,1,694,1913,0,0,0,0
2,2411,1008,1,1403,1970,1008,0,0,1
1,925,923,1,925,1955,0,0,81,1
2,1392,1392,1,1392,1957,0,0,0,1
1,864,864,1,864,1959,0,1,0,1
2,1593,808,1,808,1992,785,0,342,1
1,845,845,1,845,1982,0,1,0,1
1,1107,629,1,727,1921,380,1,0,1
2,1145,1145,0,1145,2006,0,1,100,1
1,1150,1150,1,1150,1959,0,1,0,1
1,936,624,1,624,1948,312,1,0,1
2,1496,768,0,768,2007,728,1,100,1
2,1656,1080,1,1656,1960,0,0,210,1
2,1404,672,0,684,1999,720,1,20,1
0,672,432,1,672,1925,0,1,0,0
2,1608,945,1,945,1997,663,0,252,1
2,1463,1463,1,1463,1998,0,1,0,1
2,1283,931,1,1283,1962,0,1,0,1
2,1689,1689,0,1689,2006,0,1,100,1
2,1733,847,0,847,2003,886,0,100,1
1,1196,1196,1,1196,1956,0,0,0,1
1,793,793,1,793,1945,0,1,0,1
1,1364,1179,1,1364,1957,0,0,0,1
2,1281,756,1,903,1926,378,1,25,1
1,1324,741,1,741,1930,583,1,0,1
2,1753,853,0,853,1998,900,0,0,1
1,1008,1008,1,1008,1968,0,1,144,1
4,2840,1420,0,1420,1978,1420,0,0,1
2,5642,6110,0,4692,2008,950,0,214,1
3,2385,1066,0,1108,1998,1277,0,120,1
2,864,864,1,864,1955,0,1,196,1
1,2068,1108,1,1160,1922,908,0,0,0
2,2132,1496,0,1496,1983,636,0,349,1
1,1605,840,0,840,1915,765,1,0,0
1,894,894,1,894,1965,0,0,416,1
1,1056,1056,1,1056,1955,0,1,0,1
2,960,850,0,960,1926,0,1,0,1
3,2212,1700,0,1700,2005,512,0,237,1
2,1478,1418,1,1478,1998,0,1,168,1
2,1040,1040,0,1040,1967,0,0,0,1
1,2057,1017,0,1020,1936,1037,0,0,1
2,1556,782,1,1019,1949,537,0,0,1
2,1797,1152,0,1152,1993,645,0,162,1
2,1280,1280,0,1280,1992,0,1,0,1
2,1342,1342,0,1342,2006,0,0,0,1
3,1698,1698,0,1698,2007,0,0,327,1
2,1351,901,1,901,1925,450,0,0,1
1,810,0,0,810,1910,0,1,119,0
1,520,520,1,520,1927,0,1,49,0
1,952,756,0,952,1896,0,1,0,1
2,2240,0,1,1120,1979,1120,1,154,1
1,1382,1382,1,1382,1955,0,1,280,1
2,1884,926,0,1016,2003,868,0,0,1
2,1484,783,0,783,2005,701,0,0,1
2,1262,1262,0,1262,2006,0,1,0,1
2,1400,672,1,672,1978,728,0,0,1
2,1242,1242,1,1242,1973,0,0,0,1
3,1950,1950,0,1950,2007,0,0,156,1
2,1316,926,1,926,1929,0,1,0,1
3,2042,2042,0,2042,2008,0,0,0,1
3,2365,1252,0,1268,1999,1097,0,0,1
1,1566,930,0,930,1900,636,1,54,0
0,1248,624,1,624,1920,624,1,0,0
1,1159,747,1,747,1925,412,1,84,1
1,1652,686,1,966,1915,686,1,0,1
3,1710,1710,0,1710,2007,0,0,0,1
2,1588,768,1,1024,1955,564,1,0,1
1,1387,943,1,1387,1967,0,0,0,1
1,938,938,1,938,1975,0,1,145,1
1,1024,1024,1,1024,1965,0,1,0,1
2,1535,0,1,1535,1979,0,1,0,1
1,984,984,1,984,1963,0,0,145,1
2,1848,833,1,1053,1923,795,0,0,1
2,1686,1686,1,1686,1980,0,0,384,1
2,1389,1389,1,1389,1974,0,0,240,1
0,1664,0,1,1664,1965,0,1,0,0
2,1430,384,1,774,1999,656,0,0,1
1,894,894,1,894,1962,0,1,0,0
1,1098,1098,1,1098,1955,0,1,0,1
2,1684,1684,0,1684,2005,0,0,495,1
2,1729,860,0,860,2002,869,1,386,1
1,1382,0,1,1382,1949,0,0,0,1
2,1328,1328,1,1328,1963,0,0,0,1
2,1365,765,1,765,1973,600,0,0,1
2,1824,1824,1,1824,1957,0,1,0,1
2,1121,1121,1,1121,2003,0,1,132,1
1,864,864,1,864,1972,0,1,0,1
1,1107,949,1,1107,1967,0,1,88,1
3,4476,2396,0,2411,1996,2065,0,171,1
2,2462,1392,0,1392,2005,1070,0,239,1
1,1160,1113,1,1160,1968,0,1,81,1
2,2872,1683,0,2129,1992,743,0,0,1
2,1128,698,1,698,1920,430,1,30,1
2,1258,1246,0,1258,2007,0,1,0,1
2,1179,1179,1,1179,1960,0,1,0,1
2,1484,1476,0,1484,2006,0,0,120,1
2,1226,1226,0,1226,1981,0,0,133,1
3,3078,1408,0,1671,1998,1407,0,108,1
2,1524,756,0,768,2000,756,1,0,1
2,2136,2136,1,2136,1951,0,1,0,0
1,1672,981,1,1014,1940,658,0,0,1
2,2337,662,1,1422,1900,915,1,0,0
1,1651,725,1,1035,1963,616,0,460,1
1,2192,720,1,1052,1939,720,0,262,1
2,848,848,0,848,2004,0,1,160,1
1,1738,715,1,1281,1920,457,0,55,1
2,1792,896,1,896,1974,896,1,0,1
1,1647,806,1,841,1915,806,1,0,0
2,2090,1220,0,1220,1995,870,0,0,1
2,1801,1501,1,1801,1959,0,0,0,1
1,1507,1075,1,1507,1960,0,1,0,1
1,960,648,1,960,1965,0,1,88,1
3,3238,2033,0,2053,1995,1185,0,283,1
2,1330,1330,0,1330,2006,0,0,0,1
1,1125,1041,1,1125,1976,0,0,296,1
3,1464,1485,0,1464,2007,0,1,168,1
2,1995,854,0,864,2002,1131,0,264,1
2,756,660,1,756,1927,0,1,80,0
2,2232,1173,0,1215,1993,1017,0,173,1
1,1214,969,1,969,1901,245,1,0,0
1,1256,1256,1,1256,1959,0,1,0,1
1,1536,768,1,768,1952,768,1,0,1
2,1721,988,1,1721,1960,0,0,50,1
2,1633,932,1,932,1998,701,0,0,1
1,990,990,1,990,1994,0,1,66,1
2,1795,1777,0,1795,2002,0,0,171,1
2,2050,832,1,1154,1978,896,0,192,1
3,2392,1396,0,1407,1997,985,0,0,1
1,897,876,1,897,1968,0,1,0,1
3,1816,1790,0,1816,2006,0,0,186,1
3,2758,1704,0,1722,2005,1036,0,282,1
1,1616,1149,1,1149,1926,467,1,0,1
1,1944,672,1,1272,1915,672,1,24,1
2,1478,1470,0,1478,2009,0,0,0,1
2,2620,1361,1,1361,1977,1259,0,155,1
3,2153,1440,0,1476,2000,677,0,253,1
1,1242,583,1,647,1935,595,0,329,1
2,1392,1392,1,1392,1957,0,0,0,1
2,2094,912,0,912,2003,1182,0,182,1
1,1202,1202,1,1202,1956,0,1,0,1
2,2268,346,0,1157,1890,1111,1,0,1
1,1163,1162,1,1163,1955,0,1,142,1
2,1086,723,0,723,1920,363,1,0,0
2,1906,1310,1,1906,1954,0,0,0,1
1,789,789,1,789,1948,0,1,0,1
1,1012,1012,1,1012,1920,0,0,0,1
2,2058,735,1,1134,1917,924,0,0,0
2,1074,894,1,1074,1956,0,0,0,1
2,1292,1292,1,1292,1964,0,0,0,1
2,848,848,0,848,2003,0,1,140,1
1,988,988,1,988,1958,0,1,0,1
2,1425,1425,1,1425,1964,0,0,0,1
2,1822,1105,1,1105,1984,717,0,0,1
1,1654,297,1,1001,1930,653,0,244,1
3,2098,1030,0,1038,2005,1060,0,192,1
1,1393,816,1,872,1955,521,1,121,1
3,3608,1107,0,1518,1892,1518,0,0,1
2,1004,1004,1,1004,1970,0,0,0,1
1,1118,1096,1,1118,1977,0,0,203,1
2,1056,1056,1,1056,1980,0,1,264,1
2,768,768,1,768,1972,0,1,58,1
2,1196,684,1,684,1920,512,1,0,1
1,1984,1242,1,1242,1910,742,1,64,1
2,1053,1008,1,1053,1958,0,1,0,1
3,1629,3206,0,1629,2003,0,0,0,1
2,1844,1844,0,1844,1969,0,0,0,1
2,1851,1851,1,1851,1969,0,0,0,1
2,964,876,1,964,1921,0,1,0,1
3,1838,1838,0,1838,2005,0,0,161,1
2,1005,1005,1,1005,1964,0,1,0,1
2,1560,1560,0,1560,2003,0,1,100,1
2,1332,1332,0,1332,1990,0,1,0,1
2,1151,1141,0,1151,2006,0,1,0,1
0,605,528,1,605,1920,0,1,0,1
2,1044,540,0,1044,1952,0,1,0,0
1,864,864,1,864,1914,0,1,0,0
2,1944,972,1,972,1910,972,1,0,0
2,1646,1594,0,1646,2004,0,0,128,1
3,1646,1638,0,1646,2006,0,0,192,1
2,1768,1048,1,1048,1915,720,1,0,1
3,1852,1004,0,1004,1999,848,0,224,1
1,1489,778,1,944,1940,545,0,335,1
1,1952,976,1,976,1950,976,0,285,1
2,1169,1160,1,1169,1993,0,0,0,1
1,952,952,1,952,1956,0,1,0,1
2,1936,1406,0,1454,2000,482,0,188,1
2,1771,0,1,1771,1960,0,0,0,1
2,1341,1300,1,1341,1990,0,0,192,1
2,2034,1057,1,1057,1997,977,1,576,1
2,1224,1086,1,1224,1979,0,0,120,1
2,1852,900,1,932,2009,920,0,168,1
2,1074,1056,1,1074,1975,0,1,0,1
2,1548,804,1,804,1976,744,0,108,1
3,1614,1614,0,1614,2005,0,1,144,1
1,1426,912,0,912,1918,514,0,0,1
2,1144,1144,1,1144,1961,0,1,0,1
1,864,864,1,864,1961,0,0,132,1
2,1044,912,1,1044,1968,0,0,200,1
2,1200,1200,0,1200,1995,0,1,0,1
2,1868,780,1,1088,1976,780,0,448,1
2,1632,1632,1,1632,1967,0,1,0,1
2,894,864,1,894,1974,0,1,0,1
1,407,407,1,407,1946,0,1,76,0
2,1588,0,1,1120,1959,468,0,0,1
1,841,721,0,841,1950,0,1,250,1
1,892,864,1,892,1966,0,1,0,1
2,2322,1037,0,1037,1999,1285,0,144,1
1,898,833,1,898,1968,0,1,143,1
2,1616,1595,0,1616,1995,0,0,237,1
1,1383,1383,1,1383,1954,0,0,511,1
2,1214,1214,0,1214,2009,0,1,0,1
3,2690,1365,0,1365,2009,1325,0,0,1
1,1642,728,1,914,1927,728,0,0,1
2,1848,975,0,975,2000,873,0,280,1
1,1218,672,1,672,1973,546,1,0,1
1,1367,884,1,959,1931,408,0,0,1
2,1510,1510,1,1510,1967,0,1,0,1
2,1776,821,1,821,1996,955,0,286,1
2,1995,930,0,950,1995,1045,0,275,1
3,1977,982,0,982,2006,995,1,240,1
1,1141,1141,1,1141,1967,0,1,0,1
2,1323,780,1,948,1948,375,1,0,1
2,1381,1161,1,1381,1972,0,0,0,1
2,2495,1313,1,1313,1890,1182,0,0,1
2,1686,891,0,891,2005,795,1,144,1
2,1442,910,0,1442,1990,0,0,0,1
1,1150,799,1,799,1942,351,0,264,0
0,1396,660,0,1060,1951,336,1,0,0
1,1049,356,1,671,1910,378,1,0,0
2,1790,732,1,1012,1972,778,0,148,1
1,1306,992,1,1306,1957,0,1,0,1
2,1280,793,1,1280,1966,0,0,140,1
3,1868,1868,0,1868,2005,0,0,354,1
2,1680,1650,0,1680,1998,0,0,78,1
2,1008,923,1,1008,1977,0,0,201,1
2,1426,690,1,698,1977,728,1,252,1
1,2230,795,0,954,1912,795,1,0,0
1,1820,1026,1,1133,1925,687,1,0,1
2,1959,847,0,847,2004,1112,0,100,1
0,1884,707,1,942,1907,942,1,0,0
3,1629,1616,0,1629,2002,0,0,0,1
2,2898,1565,0,2898,1976,0,0,0,1
2,1338,520,0,1338,1983,0,0,0,1
2,1557,1374,0,1557,2003,0,0,143,1
1,968,656,1,968,1927,0,1,0,1
2,1680,1680,1,1680,1995,0,1,152,1
1,720,448,1,448,1900,272,1,0,1
1,864,576,1,864,1950,0,1,0,1
1,640,0,1,640,1945,0,1,0,0
2,1468,1468,0,1468,2005,0,0,0,1
2,1509,783,0,807,2002,702,0,100,1
2,1166,856,0,1166,2005,0,1,212,1
2,1026,1026,1,1026,1969,0,1,171,1
2,2067,752,1,1285,1974,782,0,297,1
2,1855,528,0,1094,1976,761,0,113,1
2,1594,1594,1,1594,1993,0,0,190,1
3,2063,2024,0,2063,1994,0,0,182,1
1,1040,1040,1,1040,1959,0,1,0,1
2,1214,1214,1,1214,1965,0,1,0,1
2,2521,942,1,1291,1973,1230,0,728,1
1,1162,728,0,728,1930,434,1,0,1
1,1092,525,1,525,1972,567,1,352,1
3,2042,1742,0,2042,2006,0,0,240,1
2,816,816,0,816,1963,0,1,106,0
1,1324,672,1,757,1936,567,1,0,1
2,990,990,1,990,1994,0,1,168,1
2,1550,1092,0,1112,2006,438,1,0,1
2,1656,801,1,1095,1940,561,1,187,1
2,944,0,1,944,1952,0,1,0,0
2,1472,1372,1,1472,1980,0,0,233,1
2,1482,384,1,812,1992,670,0,100,1
1,1521,910,1,910,1950,611,1,199,1
2,768,768,0,768,1930,0,1,0,1
2,1811,972,0,972,2002,839,0,225,1
2,1040,528,1,548,1936,492,1,306,1
3,1932,1932,0,1932,2008,0,0,0,1
2,1334,1350,1,1334,1977,0,0,0,1
2,1402,1402,0,1402,2008,0,1,205,1
1,1056,1056,1,1056,1954,0,1,390,1
3,2020,2020,0,2020,2008,0,0,192,1
2,1266,1266,0,1266,2007,0,0,100,1
2,1812,360,1,1032,1900,780,0,344,1
2,1675,841,1,892,1999,783,0,0,1
0,1928,686,1,948,1916,980,1,0,1
1,672,672,1,672,1941,0,1,0,1
1,808,808,1,808,1958,0,1,143,1
2,1427,1427,1,1427,1969,0,1,0,1
2,1682,1304,1,1682,1970,0,0,98,1
2,1316,750,1,960,1926,356,1,0,1
2,1716,858,1,858,1962,858,0,0,1
2,1902,0,1,1318,1978,584,1,0,1
2,1671,781,1,781,1995,890,0,0,1
1,960,960,1,960,1965,0,1,120,1
2,1844,1844,1,1844,1977,0,0,0,1
2,1694,1181,1,1390,1925,304,0,342,1
2,1536,1536,0,1536,2002,0,1,192,1
2,1262,1262,1,1262,1976,0,0,298,1
2,1348,660,1,660,1966,688,0,188,1
2,868,768,1,868,1971,0,1,138,1
1,988,462,1,526,1973,462,1,120,1
2,1830,1865,1,1830,1967,0,0,0,1
2,1396,608,0,608,2007,788,0,100,1
2,2199,1173,0,1182,1997,1017,0,0,1
0,866,686,1,866,1945,0,1,58,1
1,2320,1028,1,1436,1945,884,0,224,1
1,816,816,1,816,1938,0,0,0,1
0,1152,0,1,1152,1955,0,1,0,0
2,1492,738,0,738,2006,754,1,100,1
0,864,864,1,864,1975,0,1,0,0
2,1158,1158,1,1158,2004,0,1,0,1
2,1458,608,1,608,2006,850,1,100,1
2,1145,301,1,1145,1956,0,1,0,1
2,1884,1884,0,1884,2008,0,0,231,1
3,1726,1726,0,1726,2007,0,0,171,1
1,752,744,1,752,1984,0,1,353,1
1,1551,1058,1,1058,1938,493,1,0,1
3,2464,2418,0,2464,2007,0,0,358,1
1,1520,793,1,848,1932,672,1,0,1
2,1234,1234,0,1234,2007,0,1,0,1
1,954,920,1,954,1938,0,0,0,1
1,864,864,1,864,1962,0,1,0,1
2,1601,1271,1,1601,1978,0,0,0,1
2,864,864,1,864,1950,0,1,194,1
2,2217,2217,0,2217,1970,0,0,81,1
1,845,0,1,640,1939,0,1,48,1
2,2138,849,1,1075,1898,1063,1,40,0
2,2466,1580,0,1580,2004,886,0,159,1
2,1495,864,1,1064,1948,0,1,180,1
3,1624,1624,0,1624,1994,0,0,0,1
1,1178,859,1,859,1900,319,1,68,1
1,1675,1422,1,1675,1959,0,0,0,1
2,1809,945,0,945,2005,864,1,144,1
2,1080,1084,1,1080,1983,0,1,120,1
2,1337,1237,1,1337,1998,0,1,0,1
1,864,864,1,864,1972,0,1,0,1
2,1486,1486,1,1486,1964,0,1,0,1
1,1360,1104,1,1360,1969,0,0,160,1
1,1228,600,1,628,1918,600,0,0,1
1,913,814,1,913,1966,0,1,0,1
3,1820,910,1,910,1996,910,0,318,1
1,1612,988,1,1030,1950,582,1,0,1
2,1405,1405,0,1405,2003,0,0,136,1
2,2069,585,1,2069,1960,0,0,0,1
2,2256,952,0,980,2000,1276,0,224,1
2,1913,896,1,1172,1928,741,0,0,1
1,1236,1070,1,1236,1957,0,0,0,1
2,1120,744,1,792,1948,328,1,0,0
2,1632,784,0,784,1969,848,0,0,1
1,1469,756,1,756,1906,713,1,57,1
3,1588,1588,0,1588,2006,0,0,144,1
3,3447,728,1,1968,1935,1479,0,314,1
2,1512,756,0,756,2000,756,1,0,1
2,1470,680,1,680,1995,790,0,192,1
1,1008,1008,1,1008,1952,0,1,0,1
0,1484,742,1,742,1914,742,0,0,1
2,2640,932,1,1271,1967,1369,0,0,1
2,1327,1063,1,1327,1959,0,1,0,1
2,1126,1126,1,1126,1977,0,0,295,1
2,1254,1218,1,1254,1961,0,0,0,1
1,1142,160,1,1142,1958,0,0,0,1
2,1993,825,1,1097,1971,896,0,0,1
2,1040,1040,1,1040,1977,0,1,0,1
3,2392,2392,0,2392,2003,0,0,248,1
1,1158,862,1,950,1929,208,0,0,1
1,907,876,1,907,1977,0,1,0,1
2,1709,970,0,970,2004,739,1,0,1
1,1436,585,1,851,1921,585,0,184,0
1,1336,637,1,897,1920,439,1,0,1
2,1742,1742,0,1742,1985,0,0,114,1
2,1600,916,1,916,1997,684,0,100,1
1,1146,1083,1,1146,1963,0,0,345,1
2,950,984,1,950,1953,0,1,0,0
2,2177,1032,1,1102,1950,1075,1,0,1
1,1216,1216,1,1216,1969,0,1,0,1
2,1611,780,1,798,1964,813,1,328,1
1,1200,1200,1,1200,1923,0,1,0,1
2,1554,1554,0,1554,2006,0,0,156,1
2,1790,873,0,882,1999,908,1,0,1
1,1502,602,1,900,1923,602,0,96,1
3,1600,1566,0,1600,2007,0,0,0,1
2,1141,1141,0,1141,2006,0,1,182,1
3,1582,1582,0,1582,2007,0,1,209,1
1,1266,630,1,630,1980,636,0,340,1
2,3112,1360,0,1360,1918,1360,0,0,1
2,1646,1594,0,1646,2004,0,0,128,1
1,1520,1156,1,1520,1955,0,0,0,1
2,1596,784,0,784,2005,812,1,144,1
2,1370,1370,0,1370,2006,0,0,120,1
2,1376,768,1,752,1920,624,1,0,1
1,713,713,1,713,1930,0,1,0,1
1,912,912,1,912,1958,0,1,0,1
1,1092,1092,1,1092,1966,0,1,259,1
2,864,864,1,864,1961,0,1,0,1
1,1411,1204,1,1411,1955,0,0,278,1
2,1620,780,1,780,1969,840,1,208,1
2,1472,0,1,1472,1959,0,0,0,1
2,1471,729,1,742,1999,729,1,0,1
2,1734,1587,0,1734,1995,0,1,52,1
3,2349,1231,0,1251,1993,1098,0,32,1
2,1398,1398,0,1398,1990,0,1,0,1
2,1141,1141,0,1141,2005,0,1,0,1
2,1557,1557,0,1557,1999,0,0,124,1
2,1324,1324,0,1324,2006,0,0,0,1
2,1539,650,1,958,1904,581,0,70,1
0,936,216,1,576,1916,360,1,0,0
2,1456,728,0,728,2005,728,0,0,1
2,1100,1100,1,1100,1996,0,1,0,1
2,1252,1602,1,1252,1960,0,0,409,1
0,1464,504,0,764,1910,700,1,0,1
3,2855,1540,0,1540,2000,1315,0,247,1
2,1474,384,1,804,1995,670,0,120,1
2,1445,1445,0,1445,2004,0,1,0,1
0,630,630,1,630,1970,0,1,0,1
2,1069,1069,1,1069,1975,0,0,0,1
2,2144,1444,0,1444,1958,700,0,0,1
2,1640,798,0,798,2004,842,1,138,1
3,2172,1063,0,1071,2006,1101,0,192,1
2,759,451,1,759,1912,0,1,40,1
2,990,990,1,990,1995,0,1,224,1
3,1962,1391,0,1391,2006,571,1,0,1
1,1013,992,1,1013,1926,0,1,0,1
2,1838,732,0,734,2005,1104,0,100,1
2,1306,1306,0,1306,2005,0,0,170,1
1,1608,976,1,1160,1925,448,0,147,1
2,2715,1142,0,1175,1976,1540,0,0,1
1,984,936,1,984,1954,0,1,0,1
1,1740,800,1,960,1940,780,0,0,1
3,1704,1704,0,1704,2007,0,0,0,1
1,874,864,1,874,1968,0,1,33,1
1,1068,1059,1,1068,1963,0,1,192,1
0,833,833,1,833,1985,0,1,0,1
2,2152,1582,0,1582,2007,570,0,0,1
2,1358,1339,0,1358,1999,0,1,176,1
2,924,672,1,672,1949,252,0,0,1
3,1544,1544,0,1544,2009,0,1,0,1
1,1647,1105,1,1647,1953,0,0,225,1
1,1844,709,1,1157,1900,687,0,84,1
1,838,816,1,838,1918,0,1,0,1
1,1142,468,1,822,1924,320,1,0,1
1,884,884,0,884,1939,0,1,0,1
1,1328,686,1,810,1925,518,1,0,0
2,1506,1494,0,1506,2005,0,0,192,1
1,1632,1240,1,1632,1958,0,0,289,1
2,1575,216,1,1575,1951,0,0,0,1
2,2730,1502,0,1553,1986,1177,0,201,1
1,1456,728,0,728,1915,728,1,0,1
1,992,992,1,992,1967,0,1,204,1
2,1556,727,1,829,1968,727,1,0,1
1,1112,536,1,536,1976,576,1,182,1
1,1656,624,0,1092,1967,564,0,0,1
2,1072,547,1,1072,2005,0,1,0,1
3,1530,1530,0,1530,2004,0,0,144,1
0,660,0,1,660,1947,0,1,0,0
2,1287,1063,1,1287,1959,0,0,364,1
3,1240,1240,0,1240,2006,0,1,140,1
2,1648,1596,0,1648,2007,0,0,162,1
3,1552,1552,0,1552,2005,0,1,144,1
2,1720,1720,0,1720,1996,0,0,240,1
2,1430,1413,0,1430,2001,0,1,0,1
2,2422,1288,1,2422,1954,0,0,0,1
2,1072,547,1,1072,2005,0,1,0,1
1,987,483,1,483,1971,504,1,0,1
2,1664,953,1,953,2000,711,0,100,1
1,1540,1190,1,1040,1955,500,1,0,1
1,988,526,1,526,1973,462,1,120,1
3,1702,1702,0,1702,2008,0,0,0,1
2,1269,1256,0,1269,2004,0,0,146,1
2,1682,804,1,804,1998,878,1,0,1
2,1850,973,0,979,1994,871,0,168,1
0,2229,755,1,929,1912,929,1,0,1
2,1295,1295,1,1295,1968,0,1,0,1
1,1048,1048,1,1048,1956,0,1,0,1
2,1065,1065,1,1065,1960,0,1,74,1
1,1099,1099,1,1099,1995,0,1,278,1
0,970,912,1,970,1992,0,1,80,1
3,2452,1117,0,1132,2004,1320,0,113,1
1,960,960,1,960,1963,0,1,168,1
2,910,105,0,910,1953,0,1,196,1
2,1368,1368,0,1368,2005,0,0,132,1
2,2223,2223,1,2223,1973,0,0,300,1
1,1052,1052,1,1052,1967,0,0,0,1
2,1560,1776,1,1560,1962,0,0,453,1
2,1484,1484,1,1484,1971,0,0,224,1
2,1040,0,1,1040,1950,0,1,0,1
2,1515,789,0,813,2004,702,0,0,1
2,1694,392,1,924,1994,770,0,256,1
2,1174,864,1,1174,1978,0,1,211,1
1,882,0,1,882,1956,0,1,0,1
1,1302,680,1,798,1940,504,0,0,1
2,1572,806,1,806,1995,766,0,0,1
2,733,0,0,733,1952,0,1,0,0
2,925,925,1,925,1963,0,1,203,1
2,1440,1432,0,1440,2003,0,0,185,1
2,1675,1666,0,1675,1999,0,1,165,1
1,816,816,1,816,1983,0,1,330,1
2,1392,689,0,703,2007,689,1,0,1
2,2237,712,1,1375,1980,862,0,305,1
1,1669,1093,1,1093,1924,576,1,0,0
2,1279,1196,1,1279,1977,0,0,238,1
2,864,864,1,864,1970,0,1,96,1
2,1395,723,1,735,1972,660,0,294,1
2,1710,1710,0,1710,2004,0,0,100,1
2,936,936,0,936,1953,0,1,0,0
3,2296,1722,0,1728,2008,568,0,382,1
1,2447,804,1,1699,1919,748,0,272,1
2,1264,1268,1,1264,1960,0,0,0,1
1,888,920,1,888,1961,0,1,0,1
0,788,788,1,788,1941,0,0,0,1
2,1501,744,1,757,1999,744,1,0,1
1,780,780,1,780,1972,0,1,196,1
1,1329,1329,1,1329,1958,0,1,393,1
2,1740,1740,0,1740,1981,0,1,228,1
2,1073,1073,1,1073,1957,0,1,0,1
2,1803,1679,0,1803,1994,0,0,129,1
2,2646,1748,0,2151,1974,495,0,641,1
3,2338,2660,0,2338,2006,0,0,0,1
2,2480,920,1,1240,1940,1240,0,0,1
2,1829,941,0,941,2003,888,0,192,1
2,2673,1043,1,1539,1980,1134,0,178,1
1,1005,1005,1,1005,1956,0,0,0,1
2,1768,884,0,884,2003,884,1,0,1
2,1484,1473,0,1484,2004,0,1,0,1
2,1306,240,1,810,1910,496,1,0,1
4,1368,1288,1,1368,1997,0,1,0,1
2,1732,741,0,977,1985,755,0,192,1
4,1440,1344,0,1440,1993,0,1,288,1
2,1374,384,0,744,2004,630,0,100,1
2,1494,1479,1,1494,1997,0,1,168,1
2,1253,1237,1,1253,1995,0,0,220,1
2,1266,1266,0,1266,2007,0,0,100,1
2,1651,1606,1,1651,1986,0,0,192,1
2,1803,1134,1,1803,1957,0,0,0,1
2,1664,1664,1,1664,1978,0,1,0,1
2,1575,1575,0,1575,1992,0,1,0,1
3,2633,2633,0,2633,2001,0,0,314,1
2,1208,1187,0,1208,2006,0,1,105,1
2,1456,855,1,855,1977,601,0,0,1
2,1434,1454,0,1434,2001,0,0,290,1
2,912,912,1,912,1965,0,1,0,1
1,904,884,0,904,1926,0,1,0,1
2,1285,1243,1,1285,1977,0,0,375,1
2,1189,1189,1,1189,1997,0,1,0,1
0,698,698,1,698,1947,0,1,0,1
0,1080,1080,1,1080,2004,0,1,0,1
2,1558,864,1,1558,1975,0,1,140,1
1,1250,686,1,686,1918,564,1,207,1
3,3279,1650,0,1690,2003,1589,0,503,1
2,1241,1241,0,1241,2006,0,1,0,1
2,1482,650,1,832,1920,650,1,0,1
2,1626,1602,0,1626,1994,0,0,424,1
2,1008,1008,1,1008,1963,0,1,0,1
1,1091,384,1,1091,1993,0,1,280,1
3,4316,2444,0,2444,1994,1872,0,382,1
0,1142,1142,1,1142,2005,0,1,4,1
2,1092,525,1,525,1973,567,1,0,1
2,1983,978,0,1005,1999,978,0,0,1
1,1138,588,1,1138,1958,0,1,224,1
2,720,624,1,720,1928,0,1,106,1
2,1362,796,1,796,1993,566,1,40,1
1,1344,1024,1,1344,1958,0,0,316,1
2,925,912,0,925,1965,0,1,233,1
2,1958,779,0,1029,1994,929,0,202,1
1,1717,901,1,1125,1940,592,0,0,1
2,1372,1372,0,1372,2007,0,1,0,1
2,1236,912,1,1236,1957,0,1,0,1
1,1050,1050,1,1050,1956,0,1,0,1
3,2576,1234,0,1264,2006,1312,0,324,1
2,1586,960,0,962,1999,624,1,169,1
1,1377,1377,1,1377,1960,0,0,0,1
3,2000,2000,0,2000,2004,0,1,168,1
0,708,420,0,708,1940,0,1,164,1
0,864,864,1,864,1925,0,1,0,0
2,1764,850,0,886,1999,878,0,120,1
2,2294,741,1,1497,1963,797,0,0,1
2,1604,926,1,926,1998,678,1,100,1
2,1229,561,1,561,1980,668,0,154,1
2,1586,1362,1,1586,1979,0,0,192,1
2,1494,1482,0,1494,1998,0,0,402,1
2,1314,1314,0,1314,2006,0,0,0,1
1,864,864,1,864,1967,0,1,0,1
1,992,530,1,530,1970,462,1,112,1
0,720,720,1,720,1920,0,1,0,0
2,1604,1604,0,1604,2006,0,0,123,1
3,1612,796,0,796,2008,816,1,0,1
2,1806,780,1,993,1964,813,1,0,1
2,1337,1337,0,1337,2003,0,1,0,1
2,2207,1947,1,2207,1970,0,0,301,1
2,1392,1392,1,1392,1968,0,0,0,1
1,1188,1188,1,1188,1962,0,1,261,1
2,2554,718,1,1576,1890,978,1,0,1
2,1478,1454,1,1478,1991,0,0,114,1
2,1987,1986,0,1987,1994,0,0,262,1
2,1003,1003,1,1003,1984,0,1,120,1
2,2014,716,0,1007,1900,1007,1,0,1
1,886,190,1,886,1938,0,1,144,1
1,987,483,1,483,1973,504,1,52,1
3,1542,1542,0,1542,2007,0,0,168,1
2,1119,835,0,1119,2004,0,1,100,1
1,952,952,1,952,1968,0,1,0,1
1,1360,803,1,803,1938,557,1,0,1
2,1278,1278,0,1278,2006,0,1,0,1
3,1574,1574,0,1574,2006,0,0,144,1
2,1490,745,0,745,2005,745,0,36,1
2,1496,1296,0,1496,1960,0,1,0,1
2,1501,744,1,757,1999,744,0,0,1
2,1403,1381,0,1403,2000,0,1,0,1
2,1062,1029,1,1062,1976,0,0,120,1
1,1200,768,1,768,1946,432,1,0,1
3,2501,1242,0,1251,1995,1250,0,192,1
2,1073,1073,1,1073,1965,0,1,0,1
1,1479,864,1,864,1969,615,1,287,1
1,1134,1010,1,1134,1960,0,1,0,1
2,1094,1094,0,1094,2003,0,1,0,1
2,1456,728,0,728,2005,728,0,0,1
1,1057,1057,1,1057,1955,0,1,0,1
3,1746,698,0,698,2006,1048,0,0,1
2,1728,1884,0,1728,2007,0,0,0,1
2,1489,1489,0,1489,2006,0,0,0,1
4,2787,1168,1,1168,2000,1619,0,312,1
3,2649,1479,0,1515,2001,1134,0,0,1
1,992,381,1,992,1954,0,1,60,1
1,865,660,1,740,1920,125,0,0,1
2,1872,1299,0,1299,2001,573,0,160,1
2,1512,756,0,756,2000,756,1,0,1
0,1152,0,1,1152,1955,0,1,0,0
3,2696,1264,0,1282,2007,1414,0,120,1
0,936,936,1,936,1920,0,0,51,1
2,1226,1226,0,1226,1978,0,0,223,1
2,1320,636,1,636,1994,684,1,0,1
2,2601,612,1,990,1921,1611,1,183,1
0,1092,546,1,546,1970,546,1,0,1
3,2640,2171,1,1392,1925,1248,0,631,1
2,1512,756,0,756,2000,756,0,0,1
0,819,610,1,819,1919,0,1,0,0
1,1480,1080,1,1080,1951,400,0,0,0
0,3395,1440,0,1440,1914,1440,1,0,1
2,1060,1040,1,1060,1976,0,0,100,1
1,936,896,1,936,1962,0,0,24,1
1,1108,637,1,1108,1930,0,0,0,1
0,1452,736,1,736,1920,716,1,0,1
2,2084,956,0,956,2004,1128,1,0,1
2,954,911,1,954,1976,0,1,0,1
3,2624,1370,1,1370,1918,1254,0,0,0
2,2417,1288,0,1301,1991,1116,0,127,1
2,1220,836,1,1220,1951,0,1,0,1
2,1342,698,0,698,2003,644,0,100,1
2,1422,1422,0,1422,2004,0,1,192,1
2,1603,784,1,819,1923,784,0,0,1
2,1320,630,1,630,1993,690,1,0,1
0,864,864,1,864,1914,0,1,0,0
1,1295,0,0,1295,1986,0,1,0,1
2,1127,1127,1,1127,1976,0,0,0,1
2,1709,1698,0,1709,1999,0,0,97,1
0,912,0,1,672,1947,240,1,0,0
2,1561,1561,0,1561,2005,0,0,203,1
2,1232,616,1,616,1910,616,1,280,1
2,1137,1112,1,1137,1987,0,0,125,1
1,924,924,1,924,1952,0,1,0,1
1,987,483,1,483,1972,504,1,0,1
0,1864,1020,1,978,1902,886,1,0,0
2,1573,756,0,769,2000,804,1,0,1
2,1842,985,0,985,2000,857,0,193,1
3,2531,1318,0,1328,1995,1203,0,222,1
2,1200,600,0,600,2004,600,1,0,1
1,1290,554,1,736,1900,554,1,38,1
3,2868,1992,0,1992,2005,876,0,214,1
1,875,715,1,875,1931,0,1,48,1
2,2016,0,0,1288,1880,728,0,0,1
2,1296,0,1,1296,1967,0,1,0,1
2,1496,1496,0,1496,2007,0,1,168,1
2,1671,959,1,959,2000,712,0,0,1
1,1091,1091,1,1091,1951,0,0,66,0
1,928,928,1,928,1956,0,1,261,1
2,1429,1144,1,1429,1960,0,0,216,1
1,1337,832,1,832,1956,505,1,0,1
1,1082,1082,1,1082,1948,0,0,0,1
1,1608,1396,1,1608,1961,0,1,152,0
1,1073,1073,1,1073,2004,0,1,0,1
3,3086,666,1,1308,1935,1778,1,0,1
2,1230,440,1,682,1910,548,1,74,1
3,1680,1555,0,1680,2009,0,0,185,1
2,1140,1300,1,1140,1920,0,1,0,1
0,1092,546,1,546,1970,546,1,0,1
0,1534,736,1,751,1895,783,1,0,1
0,1092,546,1,546,1970,546,1,187,1
1,887,864,1,887,1984,0,1,140,1
3,1780,1780,0,1780,2004,0,0,144,1
2,1960,960,1,960,1952,1000,1,0,1
3,2520,1203,0,1214,1995,1306,0,224,1
2,1312,784,1,900,1947,412,1,0,1
1,1308,728,0,976,1940,332,0,0,1
3,1615,1615,0,1615,2007,0,0,168,1
1,1268,832,1,832,1938,436,0,0,1
2,1358,1350,0,1358,2007,0,0,192,1
1,1232,600,1,608,1939,624,0,0,1
2,1299,1001,1,1299,1979,0,0,84,1
1,968,0,1,968,1956,0,1,0,1
2,1395,1395,1,1395,1963,0,0,657,1
2,1548,952,0,952,1925,596,1,74,0
2,1621,1208,0,1621,1984,0,1,108,1
3,1344,624,1,624,1916,720,1,0,0
2,882,882,1,882,1970,0,1,240,1
1,1328,1350,1,1328,1959,0,0,0,1
2,1177,1153,1,1177,1984,0,1,204,1
2,1714,923,1,947,1999,767,0,256,1
2,1336,1288,1,1336,1969,0,0,312,1
2,1756,872,0,888,1996,868,1,144,1
2,1384,1348,0,1384,1996,0,1,0,1
2,1607,960,0,962,1999,645,1,169,1
1,987,483,1,483,1973,504,1,0,1
2,1456,855,1,855,1975,601,0,173,1
1,1383,1383,1,1383,1960,0,1,0,1
1,1050,1050,1,1050,1961,0,1,0,1
1,904,876,1,904,1966,0,1,0,1
3,1698,1698,0,1698,2005,0,0,192,1
2,1610,1124,1,1610,1972,0,0,202,1
0,1092,546,1,546,1970,546,1,0,1
2,1760,1077,1,981,1910,779,0,120,1
2,2497,2461,0,2497,1981,0,0,266,1
3,1802,1802,0,1802,2006,0,0,158,1
2,2140,744,1,825,1965,1315,0,0,1
2,1696,835,0,835,2003,861,1,143,1
2,1337,1405,0,1337,1999,0,0,203,1
3,1808,1774,0,1808,2008,0,0,200,1
1,1375,1240,1,1375,1956,0,0,0,1
2,1208,1208,0,1208,2007,0,1,105,1
2,1430,384,1,774,1999,656,0,0,1
4,1436,892,1,1254,1922,182,0,0,1
3,1499,904,1,904,1946,595,0,0,1
2,1390,1705,1,1390,1957,0,0,0,1
2,1034,450,1,1034,1978,0,0,311,1
1,901,901,1,901,1954,0,1,0,1
1,1074,663,1,1074,1950,0,0,0,1
2,1882,0,1,964,1981,918,0,0,1
3,1530,1530,0,1530,2007,0,0,212,1
2,1797,939,0,939,2006,858,1,144,1
1,1431,1099,1,1431,1962,0,0,64,1
2,1162,1162,0,1162,2007,0,1,0,1
0,816,624,1,816,1910,0,0,0,1
1,1348,884,1,884,1925,464,0,0,1
3,2039,929,0,2039,1941,0,0,0,1
2,2035,884,0,884,2001,1151,0,144,1
2,1478,1478,1,1478,1957,0,0,114,1
2,1232,1232,1,1232,1984,0,1,0,1
2,1459,1459,0,1459,2002,0,0,192,1
2,1665,810,0,810,2001,855,1,0,1
1,928,928,1,928,1957,0,1,0,1
0,1006,1006,1,1006,1959,0,1,0,1
1,1043,938,1,1043,1947,0,0,125,1
0,1184,658,1,658,1910,526,1,0,1
3,1258,1258,0,1258,2006,0,0,144,1
1,1344,672,1,672,1920,672,1,0,1
2,1437,1188,1,1437,1956,0,0,304,1
2,952,952,1,952,1951,0,1,0,1
2,1604,984,1,984,1941,620,1,0,1
1,825,825,1,825,1954,0,1,0,1
2,1574,796,1,790,1976,784,0,306,1
2,1336,1336,0,1336,2005,0,1,136,1
1,1040,1040,1,1040,1959,0,1,140,1
3,3390,1528,0,1528,2006,1862,0,204,1
2,1657,1657,1,1657,1970,0,0,0,1
2,1657,832,0,832,1994,825,1,144,1
1,1475,757,1,925,1977,550,0,104,1
1,1387,811,1,811,1954,576,1,0,1
1,1124,1124,1,1124,1956,0,0,0,1
2,2872,1330,1,1542,1977,1330,0,550,1
1,1582,952,1,994,1938,588,0,189,1
0,796,796,1,796,1922,0,1,0,0
1,1310,617,1,865,1924,445,1,0,1
2,1716,858,0,858,2005,858,1,0,1
3,2490,2458,0,2490,2005,0,0,70,1
2,1564,650,1,888,1980,676,0,0,1
1,1330,396,0,665,1910,665,1,0,1
3,1416,876,1,876,1915,540,0,418,1
2,1625,1625,1,1625,1979,0,0,136,1
2,1135,560,0,575,1936,560,1,256,1
1,1079,570,1,617,1948,462,0,135,1
2,1664,1529,1,1664,1978,0,0,0,1
1,984,984,1,984,1930,0,1,0,1
2,2127,1223,0,1223,1994,904,0,171,1
1,972,972,1,972,1955,0,1,0,1
1,1368,684,1,684,1910,684,1,0,0
2,858,858,1,858,1982,0,1,120,1
0,1092,546,1,546,1970,546,1,200,1
2,1338,1338,0,1338,2001,0,1,0,1
1,572,572,1,572,1925,0,1,0,0
3,1468,1468,0,1468,2008,0,0,192,1
2,1176,698,0,786,1937,390,1,210,1
2,3082,824,1,1687,1920,998,0,136,1
3,1555,1373,0,1555,2007,0,0,143,1
2,832,678,1,832,1923,0,0,0,0
2,900,900,1,900,1951,0,1,222,1
2,1440,720,1,720,1964,720,0,0,1
2,1358,1358,0,1358,2005,0,0,192,1
3,2312,1177,0,1223,1999,1089,0,298,1
2,1718,851,1,867,1927,851,0,291,1
2,1677,827,0,827,2001,850,1,0,1
1,1017,346,1,709,1900,308,1,0,1
0,1195,1195,1,1195,1946,0,1,118,0
3,1933,894,0,894,2007,1039,0,100,1
2,1989,1065,0,1091,2002,898,0,199,1
2,1792,963,0,963,2001,829,0,0,1
2,1603,761,0,810,1992,793,1,0,1
1,1322,672,1,899,1939,423,1,0,1
2,1472,384,0,802,1991,670,0,164,1
2,2090,1190,0,1190,1984,900,0,219,1
3,1800,1800,0,1800,2007,0,0,210,1
1,1248,912,1,912,1930,336,1,0,1
2,1846,1836,0,1846,2006,0,0,0,1
1,1092,546,1,546,1970,546,1,0,1
2,1266,1257,0,1266,2005,0,0,38,1
2,1625,1573,0,1625,2006,0,0,123,1
1,945,945,1,945,1973,0,0,174,1
3,2224,1462,0,1462,2004,762,0,184,1
2,2087,832,1,976,1966,1111,1,133,1
2,2075,1148,0,1091,1993,984,0,235,1
2,1644,1518,0,1644,1989,0,0,80,1
1,1465,992,1,992,1939,473,0,0,1
1,1029,1029,1,1029,1961,0,1,64,1
0,1347,1117,1,820,1910,527,1,85,1
2,1632,800,1,800,1966,832,1,0,1
2,1072,547,1,1072,2005,0,1,0,1
2,1534,1524,0,1534,2006,0,0,168,1
1,900,882,1,900,1967,0,1,0,1
1,1357,1019,1,1357,1959,0,0,0,1
2,1517,792,1,792,1929,725,0,0,1
2,848,848,0,848,2004,0,0,149,1
1,1774,552,1,904,1961,611,0,290,1
1,1626,988,1,988,1954,638,1,366,1
1,914,914,1,914,1970,0,1,120,1
2,1374,384,0,744,2004,630,0,100,1
2,1400,1400,0,1400,2005,0,1,144,1
1,1360,680,1,680,1910,680,1,192,0
1,950,950,1,950,1971,0,1,0,1
2,1734,912,1,1085,1962,649,0,0,1
2,1762,596,1,998,1920,764,1,36,1
3,2290,2320,0,2290,2007,0,0,192,1
1,882,720,1,882,1952,0,1,0,1
2,1891,1224,1,1287,1978,604,0,0,1
1,1609,1000,1,1068,1953,541,1,0,1
2,1567,1567,1,1567,1977,0,0,264,1
3,2646,1347,0,1372,1993,1274,0,340,1
3,2140,2140,0,2140,2006,0,1,136,1
2,1337,1337,0,1337,1989,0,0,0,1
2,1670,825,1,845,1971,825,1,0,1
1,672,672,1,672,1940,0,1,168,1
2,2288,908,1,1316,1977,972,0,321,1
2,1464,520,1,1464,1963,0,0,302,1
3,1856,1856,0,1856,2010,0,0,113,1
1,987,483,1,483,1970,504,1,0,1
2,1026,940,1,1026,1978,0,1,0,1
2,1364,1364,0,1364,2005,0,0,192,1
1,1296,1107,1,1296,1924,0,0,0,0
2,1336,1121,1,1336,1958,0,0,80,1
3,2184,1104,0,1130,2008,1054,0,0,1
1,1668,672,1,1195,1945,473,1,210,1
2,845,845,1,845,1982,0,1,0,1
4,2634,1248,1,1338,1969,1296,1,0,1
1,1092,525,1,525,1971,567,1,0,1
1,896,0,1,896,1946,0,1,0,1
1,1022,1022,1,1022,1910,0,1,0,0
2,1287,957,1,1287,1977,0,0,302,1
0,1828,859,1,942,1923,886,1,174,1
2,1680,856,1,936,1910,744,0,56,1
2,1414,1184,0,1414,1958,0,0,0,1
2,1392,689,0,703,2007,689,1,0,1
2,810,782,1,810,1971,0,1,0,1
2,1042,1042,1,1042,1965,0,1,192,1
1,1092,546,1,546,1973,546,1,120,1
1,1144,864,1,1144,1961,0,0,165,1
1,1073,1073,1,1073,1967,0,1,0,1
2,1869,1869,0,1869,2007,0,0,210,1
2,1593,839,1,864,2004,729,0,100,1
3,1776,1732,0,1776,2006,0,0,0,1
1,882,882,1,882,1956,0,1,0,1
2,1725,539,1,1040,1979,685,0,0,1
2,1580,1244,1,1580,1959,0,0,0,1
4,1622,1249,1,1622,1961,0,0,439,1
2,1875,675,1,1109,1975,766,0,48,1
3,2197,1080,0,1108,1993,1089,0,385,1
2,1840,944,0,944,2001,896,1,0,1
2,2014,912,0,1072,2003,942,1,124,1
2,1518,1518,0,1518,2003,0,0,185,1
2,1565,1560,0,1565,2005,0,0,196,1
2,1086,1086,1,1086,1954,0,1,0,1
1,725,630,1,725,1890,0,1,0,1
2,1690,560,0,930,1910,760,1,0,1
2,1280,1280,0,1280,1992,0,1,0,1
2,1142,1142,1,1142,1976,0,0,536,1
3,2097,2077,0,2097,2005,0,0,192,1
1,804,788,1,804,1940,0,0,0,1
2,1384,1015,1,1384,1956,0,1,75,1
2,2555,588,1,1423,1922,748,0,431,1
2,1294,1286,0,1294,2006,0,0,168,1
2,1978,832,1,1098,1968,880,0,0,1
2,1078,1078,1,1078,1971,0,0,0,1
2,1298,1298,0,1298,1985,0,0,165,1
2,960,960,1,960,1955,0,1,0,1
3,1572,1572,1,1572,1963,0,0,0,1
0,1991,957,1,1034,1895,957,1,0,0
2,1212,1212,0,1212,2001,0,1,356,1
2,1045,1045,1,1045,1962,0,1,0,1
2,1680,880,0,1680,1988,0,0,292,1
0,1025,1025,1,1025,1962,0,1,96,1
1,1955,1151,1,1151,1958,804,1,0,1
2,1628,384,1,958,1996,670,0,48,1
2,1924,1086,0,1086,1998,838,0,208,1
1,1600,0,1,1600,1951,0,1,0,1
1,1244,1244,1,1244,1957,0,0,0,1
2,1874,1058,0,1058,2000,816,0,0,1
2,1037,1037,1,1037,1974,0,1,136,1
3,1546,1546,0,1546,2005,0,1,144,1
2,2263,1141,0,1165,1998,1098,0,144,1
2,882,882,1,882,1972,0,1,96,1
1,930,0,1,930,1946,0,1,0,1
1,986,960,1,986,1926,0,0,0,0
1,902,876,1,902,1967,0,1,0,1
2,1982,572,1,1182,1986,800,0,400,1
3,2122,2108,0,2122,2007,0,0,130,1
1,1728,704,1,1024,1949,704,0,245,1
3,1034,1012,1,1034,1976,0,1,0,1
2,2263,1055,0,1055,2001,1208,0,0,1
1,1550,817,1,940,1920,610,0,0,1
1,1113,1143,1,1113,1976,0,0,370,1
1,1210,672,1,832,1941,378,1,0,1
3,1978,1978,0,1978,2007,0,0,308,1
2,2031,1128,0,1128,2002,903,0,0,1
2,2377,1313,1,1313,1915,0,0,0,1
2,1229,561,1,561,1980,668,0,150,1
2,2353,845,0,1153,1980,1200,0,288,1
2,1224,612,0,612,2009,612,1,0,1
2,2362,2002,0,2362,1980,0,0,180,1
2,1126,1126,1,1126,1977,0,1,180,1
2,1838,1838,0,1838,2007,0,0,154,1
2,1110,1097,1,1110,1978,0,0,303,1
1,1218,672,1,672,1972,546,1,0,1
2,968,968,0,968,1923,0,1,0,1
2,1868,585,1,1140,1984,728,0,268,1
2,960,960,1,960,1970,0,1,0,0
2,894,894,1,894,1954,0,1,0,1
2,1416,816,1,1416,1918,0,1,0,1
2,1229,1094,1,1229,1979,0,0,120,1
3,1830,1302,0,1302,2006,528,1,0,1
2,1688,616,1,616,1997,1072,1,403,1
2,1138,1138,1,1138,1960,0,0,0,1
2,1525,1510,0,1525,2006,0,0,100,1
2,2775,1237,0,1521,1893,1254,0,105,1
1,1040,1040,1,1040,1966,0,1,0,1
2,1919,1079,0,1079,2006,840,0,0,1
3,2084,2078,0,2084,2007,0,0,188,1
2,1553,756,0,756,2005,797,1,0,1
2,1474,1632,1,1474,1952,0,0,0,1
2,1363,1385,1,1363,1954,0,0,81,1
2,1120,1040,1,1120,1961,0,1,168,1
2,1734,1734,0,1734,2005,0,1,160,1
3,1652,1652,1,1652,1970,0,1,0,1
2,1334,1334,1,1334,1967,0,1,0,1
1,1078,1078,1,1078,1950,0,1,366,1
1,1818,1040,1,1226,1931,592,0,0,1
3,2494,1290,0,1305,1994,1189,0,200,1
2,1922,0,0,495,2003,1427,0,0,1
3,1792,1792,0,1792,2005,0,0,204,1
2,1774,952,1,1022,1931,752,0,90,1
2,1709,836,1,851,1991,858,1,0,1
2,1636,952,0,952,1998,684,0,0,1
2,1604,926,1,926,1997,678,0,0,1
2,848,848,0,848,2004,0,0,149,1
1,732,732,1,732,1952,0,1,0,1
2,1290,1282,0,1290,2007,0,0,168,1
2,1721,1331,1,1721,1957,0,0,0,1
1,884,884,1,884,1951,0,1,0,1
2,854,832,1,854,1929,0,1,48,1
2,883,828,1,883,1992,0,0,100,1
2,1988,1104,0,1104,1966,884,0,0,1
2,864,864,1,864,1958,0,1,0,1
1,1274,728,1,728,1939,546,1,0,1
1,1143,1143,1,1143,1959,0,1,0,1
0,1768,1768,1,1768,1968,0,1,0,0
2,1368,1368,0,1368,2005,0,0,132,1
2,1167,1158,1,1167,1992,0,1,120,1
2,1595,663,1,774,1915,821,0,49,1
3,2283,1008,0,1008,2003,1275,0,120,1
1,1242,1242,1,1242,1960,0,1,0,1
2,1674,814,0,814,2000,860,1,0,1
1,792,624,0,792,1923,0,1,0,1
2,2683,930,0,1364,1990,1319,0,237,1
2,1921,1921,1,1921,1964,0,1,0,1
2,1828,1822,0,1828,2002,0,0,194,1
1,864,864,1,864,1962,0,1,58,1
1,967,967,1,967,1920,0,0,0,1
2,1655,763,1,763,1993,892,0,157,1
2,1103,1103,1,1103,1974,0,1,295,1
1,1755,930,1,1230,1930,525,0,0,1
3,1590,1570,0,1590,2005,0,1,176,1
2,1378,1378,0,1378,2004,0,0,160,1
1,1089,1089,1,1089,1954,0,0,328,1
2,1378,689,1,689,1928,689,0,0,1
1,1930,720,1,1146,1927,784,1,0,1
2,1986,768,1,1186,1965,800,0,0,1
2,1680,840,0,840,2004,840,1,0,1
2,914,870,0,914,1996,0,1,0,1
0,858,858,1,858,1958,0,1,117,1
3,2468,1136,0,1136,2004,1332,0,184,1
2,1501,1490,0,1501,1999,0,1,144,1
2,1430,1430,1,1430,2004,0,1,0,1
2,1770,900,1,884,1968,886,1,0,1
2,2318,960,0,960,2005,1358,0,0,1
2,764,680,1,764,1925,0,1,0,0
2,864,864,1,864,1971,0,1,0,1
2,1482,954,1,1482,1954,0,0,0,1
2,1502,1488,0,1502,1985,0,1,0,1
1,1336,1165,1,1336,1953,0,0,0,1
2,2149,1434,0,1518,2003,631,0,168,1
0,1020,780,1,780,1875,240,1,0,0
2,908,822,1,908,1940,0,1,284,1
2,1386,672,1,672,1978,714,0,335,1
2,1056,1056,1,1056,1955,0,1,264,0
3,2944,994,0,1599,1977,1345,0,140,1
2,948,948,1,948,1952,0,1,0,1
2,2020,1128,0,1142,1995,878,0,0,1
3,2127,1104,0,912,1991,1215,0,72,1
2,1788,1753,0,1788,2001,0,0,202,1
2,1082,973,1,1082,1969,0,1,160,1
2,1743,702,0,1041,1968,702,0,224,1
2,1218,1218,0,1218,2009,0,1,0,1
1,1090,720,1,760,1940,330,1,0,1
2,1295,1057,0,1295,1978,0,0,133,1
2,1320,1232,1,1320,1971,0,0,0,1
2,1196,572,1,848,1940,348,0,0,1
0,1800,1800,1,1800,1961,0,1,0,0
1,1691,1026,1,1026,1924,665,0,0,1
1,926,902,1,926,1977,0,0,319,1
2,1208,1208,0,1208,2005,0,1,105,1
1,941,912,1,941,1967,0,0,64,1
2,1358,1348,0,1358,2002,0,0,68,1
2,1372,1363,0,1372,2007,0,1,192,1
1,936,936,1,936,1954,0,1,0,1
2,1540,754,0,754,1994,786,1,140,1
1,936,936,1,936,1956,0,1,0,1
2,1120,864,0,1120,1966,0,0,0,1
1,1273,1273,1,1273,1960,0,1,483,1
2,2287,1304,0,1304,1953,983,0,0,1
2,1630,868,0,868,2004,762,0,120,1
1,990,990,1,990,1994,0,1,256,1
3,2550,1108,0,1148,2006,1402,0,120,1
2,1904,1058,0,1058,2005,846,0,179,1
3,2214,1090,0,1090,1999,1124,0,197,1
1,1316,644,1,672,1926,644,0,0,1
3,1838,1838,1,1838,1997,0,1,160,1
2,784,784,1,784,1928,0,1,0,0
1,1472,702,1,842,1925,630,1,0,1
2,999,944,0,999,1961,0,1,144,1
2,1350,1064,1,1350,1974,0,0,0,1
2,1620,1281,1,1620,1976,0,0,120,1
1,858,858,1,858,1971,0,1,0,1
1,1059,1059,1,1059,1966,0,1,0,1
2,1167,915,1,1167,1920,0,0,0,1
2,1324,1088,1,1324,1965,0,0,0,1
1,1812,864,1,876,1962,936,0,0,1
1,1928,1020,1,908,1910,1020,1,0,0
2,1612,1612,0,1612,2006,0,0,0,1
3,1630,1622,0,1630,2008,0,0,172,1
2,2454,819,1,1312,1879,1142,0,0,1
1,960,960,1,960,1920,0,1,0,1
2,1836,1860,0,1836,2004,0,0,120,1
2,1895,712,0,1086,1994,809,0,143,1
2,1790,998,1,1790,1957,0,0,0,1
2,1188,1188,1,1188,1959,0,1,0,1
2,846,720,1,846,1920,0,1,0,0
1,1073,1073,1,1073,1921,0,1,0,1
1,1314,1314,1,1314,1957,0,1,250,1
1,816,816,1,816,1934,0,0,228,1
2,1069,1069,1,1069,1977,0,1,0,1
2,964,964,1,964,1961,0,0,170,1
3,2772,1776,0,1794,2007,978,0,135,1
2,1324,1228,1,1324,1976,0,0,407,1
3,1828,1298,0,1298,2006,530,1,0,1
2,1061,1054,0,1061,1990,0,1,114,1
3,1214,672,1,694,1915,520,1,216,1
1,1203,709,1,979,1950,224,0,0,1
0,2358,684,1,938,1872,1215,1,0,0
2,1466,1466,1,1466,1959,0,0,0,1
1,2340,1152,0,1188,1941,1152,0,0,1
2,864,864,1,864,1971,0,1,200,1
1,1040,1040,1,1040,1962,0,1,0,1
3,2728,1848,0,1848,2005,880,0,0,1
2,3228,3200,0,3228,1992,0,0,264,1
2,1646,1594,0,1646,2004,0,0,128,1
1,1063,1056,1,1063,1954,0,1,0,1
2,1739,970,0,983,1999,756,1,115,1
1,960,960,1,960,1959,0,1,144,1
1,918,918,1,918,1979,0,0,28,1
2,1663,1364,1,1663,1954,0,0,224,1
2,1405,1405,0,1405,2003,0,0,148,1
2,1200,864,1,1200,1965,0,1,0,1
2,1258,1258,0,1258,1971,0,1,55,1
1,1480,972,0,1044,1920,0,1,0,1
0,1540,572,0,884,1905,656,1,240,1
0,796,796,1,796,1971,0,1,129,1
2,2048,1054,0,1072,2003,976,0,0,1
2,1889,982,1,1008,2000,881,0,0,1
2,1142,1142,0,1142,2005,0,1,90,1
1,1211,952,1,1211,1968,0,0,0,1
2,1432,1360,1,1432,1978,0,0,168,1
1,1111,572,1,572,1926,539,0,0,1
2,1700,1682,0,1700,2003,0,1,192,1
2,1743,966,0,1743,1976,0,0,646,1
2,1671,1427,1,1671,1978,0,0,252,1
1,1376,768,1,968,1941,408,0,0,1
1,874,864,1,874,1971,0,1,0,1
0,2592,1296,1,1296,1923,1296,1,0,0
1,1001,837,0,1001,1930,0,1,154,1
1,816,816,0,816,1982,0,0,0,1
3,1874,955,0,955,2007,919,0,168,1
2,1582,1624,1,1582,1964,0,1,168,1
2,893,845,1,893,1949,0,1,0,1
1,1207,1135,1,1207,1962,0,1,0,1
3,2640,2036,0,2036,2006,604,0,0,1
1,1136,704,1,624,1929,512,1,0,1
2,1908,967,0,993,2002,915,1,135,1
2,1384,384,1,754,1997,630,0,0,1
2,1728,1728,1,1728,1963,0,1,0,1
1,955,955,1,955,1966,0,1,0,1
2,1337,1337,0,1337,2001,0,0,136,1
0,1544,925,0,1000,1890,544,1,231,1
1,1392,689,1,689,1977,703,1,0,1
2,768,768,1,768,1970,0,1,104,1
2,1196,1196,1,1196,1916,0,1,0,1
1,1045,1045,1,1045,1963,0,0,0,1
1,960,672,1,960,1956,0,1,64,1
2,1344,672,1,672,1929,672,0,0,0
2,1604,1604,1,1604,1958,0,1,42,1
1,1008,1008,1,1008,1956,0,1,0,1
2,2167,1192,0,1516,1974,651,0,220,1
3,1537,1518,0,1537,2006,0,1,0,1
2,1894,817,0,824,2002,1070,0,0,1
1,972,972,1,972,1948,0,0,0,1
2,1211,864,1,1211,1962,0,0,161,1
1,1020,1024,1,1020,1965,0,1,171,1
2,1610,1610,1,1610,1977,0,0,168,1
2,1553,1553,0,1553,2003,0,1,192,1
1,864,864,1,864,1968,0,1,226,1
2,1869,1088,1,1188,1890,561,1,48,1
1,948,483,1,483,1972,465,1,0,1
2,1223,600,0,520,2005,623,1,0,1
2,990,990,1,990,1994,0,1,0,1
2,2486,1122,0,1146,2003,1340,0,143,1
2,2031,1153,0,1153,1998,878,0,192,1
1,1657,1147,1,1147,1920,510,0,0,0
2,1660,831,0,831,2002,829,1,144,1
1,765,765,1,765,1925,0,1,135,0
2,2327,1129,0,1129,2003,1198,0,0,1
3,2052,1107,0,1040,2000,1012,0,210,1
1,2264,1100,1,1100,1918,1164,1,0,1
2,1642,903,1,910,1993,732,0,290,1
2,1232,1232,1,1232,1966,0,1,0,1
2,1005,1005,1,1005,1955,0,0,0,1
2,1680,1680,1,1680,1976,0,1,0,1
2,2110,2110,0,2110,1968,0,0,0,1
2,2110,948,0,1222,1994,888,0,0,1
2,1647,953,1,953,1999,694,0,0,1
2,1560,684,0,684,2005,876,0,100,1
2,1604,926,1,926,1998,678,0,360,1
2,1152,1152,1,1152,1953,0,1,0,1
2,1567,840,1,840,1940,727,0,0,1
2,2260,1306,0,1306,1996,954,1,296,1
3,2470,2535,0,2470,2003,0,0,154,1
2,1298,1250,1,1298,1964,0,1,0,1
2,2259,1809,1,2259,1953,0,0,166,1
2,1250,625,0,625,2006,625,1,0,1
3,2799,1286,0,1565,1993,1234,0,432,1
2,1264,676,1,676,1914,588,1,424,1
2,816,816,1,816,1982,0,1,0,1
2,1779,1763,1,1779,1955,0,0,0,1
2,1491,1491,0,1491,1996,0,0,0,1
1,1056,1056,1,1056,1966,0,1,0,1
2,1772,725,0,909,1910,863,1,0,0
2,1432,716,1,716,1977,716,0,0,1
2,1296,845,1,866,1927,430,1,0,1
3,2551,1779,0,1779,1997,772,0,76,1
0,1588,448,1,1588,1949,0,1,0,1
2,1640,1296,0,1640,1954,0,0,108,1
3,1584,1584,1,1584,1967,0,1,0,1
1,1502,1502,0,1502,1998,0,0,0,1
2,1656,746,0,760,2003,896,0,178,1
2,1829,1829,1,1829,1967,0,1,0,1
2,1419,1419,0,1419,2001,0,0,155,1
2,1524,1332,0,1332,1979,192,0,268,1
3,1595,1595,0,1595,2005,0,0,144,1
2,1951,938,0,1084,1900,867,1,0,0
2,1522,1190,1,1522,1984,0,0,0,1
2,1812,835,0,871,2004,941,1,146,1
0,1728,1728,1,1728,1962,0,1,0,1
2,1668,840,0,840,2003,828,1,144,1
1,869,0,1,869,1948,0,1,0,0
2,1548,1365,0,1548,2004,0,0,143,1
1,1022,1022,1,1022,1922,0,0,0,0
3,1914,1420,0,1426,2004,488,0,168,1
3,1922,1922,0,1922,2002,0,0,201,1
2,1630,1073,1,1630,1953,0,0,0,1
3,2004,870,0,878,2002,1126,0,0,1
2,1353,1259,1,1353,1979,0,0,240,1
2,1801,697,1,1104,1930,697,0,0,1
2,1958,979,1,979,1946,979,1,0,0
2,1857,945,1,945,1978,912,0,400,1
3,2538,1325,0,1335,1996,1203,0,198,1
1,2080,1276,0,1276,1926,804,0,0,1
2,1479,725,0,725,1981,754,0,167,1
2,1308,720,1,720,1969,588,1,0,1
2,1964,803,1,1098,1976,866,0,0,1
2,1476,738,0,738,2005,738,1,100,1
2,949,949,1,949,1924,0,0,0,1
2,1536,768,0,768,2005,768,1,0,1
2,1442,1424,1,1442,1990,0,1,0,1
1,1097,1097,1,1097,1996,0,1,306,1
0,864,864,1,864,1971,0,0,0,1
2,1145,1145,0,1145,2005,0,0,100,1
3,1953,1082,0,1082,2005,871,0,160,1
3,1521,741,1,780,1910,741,1,0,1
2,1960,860,0,860,2002,1100,0,288,1
1,1200,1200,1,1200,1956,0,0,0,1
1,540,480,1,540,1941,0,1,0,1
2,1488,1008,1,1488,1964,0,0,154,1
1,1278,854,1,854,1954,424,1,0,1
1,1144,1144,1,1144,1959,0,0,86,1
2,1394,1394,1,1394,1963,0,0,0,1
1,894,894,1,894,1966,0,1,0,1
2,1796,780,1,983,1963,813,0,0,1
1,892,864,1,892,1966,0,1,0,1
2,2432,1216,1,1216,1985,1216,1,200,1
3,2250,1671,0,1687,2002,563,0,238,1
2,788,728,0,788,1980,0,0,133,1
2,1358,1358,0,1358,2004,0,0,192,1
2,1737,836,0,844,1992,893,1,192,1
3,2798,1398,0,1414,2005,1384,0,182,1
2,1565,1511,0,1565,2006,0,1,0,1
2,1690,924,1,948,2000,742,0,100,1
3,2172,1519,0,1533,2000,639,0,162,1
1,925,0,1,925,1961,0,1,0,1
3,2007,1017,0,1026,2008,981,0,168,1
3,1511,1401,0,1511,1995,0,0,168,1
1,1251,1251,1,1251,1964,0,0,0,1
2,1728,1048,1,1728,1956,0,0,0,1
2,1033,456,1,1033,1976,0,1,224,1
3,2826,1334,0,1520,1992,1306,0,177,1
3,2475,1629,0,1645,1998,830,0,23,1
2,2486,1595,1,1611,1962,875,0,0,1
1,1105,1105,1,1105,1957,0,1,0,1
3,2225,1390,0,1402,1992,823,0,198,1
3,2544,1248,1,1248,1969,1296,1,0,1
2,1187,864,1,1187,1961,0,0,128,1
0,960,960,1,960,1958,0,1,0,1
2,1554,1554,0,1554,2006,0,0,156,1
2,1190,1181,1,1190,1993,0,0,0,1
0,1678,1678,1,1678,1959,0,1,0,1
1,925,925,1,925,1956,0,1,152,1
2,1650,926,1,991,1910,659,1,128,1
2,960,960,1,960,1958,0,1,0,1
1,1403,698,1,754,1915,649,1,0,1
2,1928,847,0,847,2003,1081,0,100,1
1,1216,1056,1,1216,1951,0,1,0,1
3,1822,1822,0,1822,2005,0,0,0,1
0,816,816,1,816,1990,0,1,0,1
1,1324,662,1,662,1920,662,1,0,1
2,1710,856,0,856,2003,854,1,0,1
3,1494,1494,0,1494,2006,0,0,160,1
2,1547,756,1,764,2009,783,1,169,1
1,1214,1214,1,1214,1967,0,0,0,1
2,2687,2062,0,2079,1994,608,1,168,1
2,1888,1517,0,1888,1966,0,0,0,1
1,1716,768,1,1148,1949,568,0,0,1
3,5095,5095,0,5095,2008,0,0,546,1
2,1873,988,0,988,1999,885,0,202,1
1,1666,1204,1,1204,1927,462,1,0,1
2,1114,1114,1,1114,2003,0,1,0,1
2,1260,1260,0,1260,1983,0,1,152,1
0,1517,793,1,997,1919,520,1,0,0
2,1116,1116,1,1116,1962,0,1,0,1
2,996,936,1,996,1992,0,1,120,1
0,784,784,1,784,1924,0,1,0,1
1,1513,939,1,939,1920,574,1,24,1
2,1502,1502,0,1502,2009,0,1,0,1
1,1609,796,0,825,1910,784,1,0,1
2,2169,1284,0,1284,2002,885,0,192,1
1,935,742,1,779,1930,0,1,0,1
1,498,498,1,498,1922,0,1,0,0
2,2452,1028,0,1210,1998,1242,0,208,1
3,1736,1736,0,1736,2008,0,0,319,1
2,1308,635,1,646,1997,662,1,142,1
2,2499,392,0,1487,1976,1012,0,0,1
3,2698,1850,0,1850,2006,848,0,250,1
1,1015,768,1,1015,1925,0,1,0,0
2,1441,776,0,764,1999,677,1,206,1
0,1200,1200,1,1200,1987,0,1,120,1
2,1116,1116,1,1116,1974,0,0,0,1
1,835,458,1,835,1920,0,1,0,0
2,1712,1626,1,1712,1959,0,1,272,1
1,1141,570,1,761,1900,380,1,0,0
2,1661,1649,1,1661,1998,0,1,0,1
2,1683,918,1,918,1978,765,0,243,1
2,1491,738,0,738,2006,753,0,100,1
3,1717,1709,0,1717,2006,0,0,169,1
2,1478,1478,1,1478,1960,0,0,0,1
3,1694,1694,0,1694,2008,0,1,160,1
1,1098,531,1,567,1930,531,0,0,1
3,1646,1638,0,1646,2007,0,0,192,1
2,864,864,1,864,1972,0,1,155,1
1,943,0,1,943,1958,0,1,0,0
0,869,440,1,869,1923,0,1,0,1
2,1200,600,1,520,2005,600,1,0,1
1,1344,896,1,896,1936,448,1,200,1
3,2452,2452,0,2452,2003,0,0,0,1
2,848,848,0,848,2004,0,1,140,1
4,2640,1240,0,1320,1880,1320,0,181,0
3,2000,1910,0,2000,2005,0,0,351,1
1,1008,1008,1,1008,1954,0,0,0,1
1,999,925,1,999,1963,0,1,40,1
0,334,0,0,334,1946,0,1,0,0
2,1310,1310,0,1310,2001,0,0,277,1
1,1012,816,1,1012,1920,0,1,121,0
1,987,483,1,483,1973,504,1,72,1
3,1947,1357,0,1366,2001,581,0,168,1
2,2154,845,1,845,1964,1309,0,0,1
4,872,858,1,872,1971,0,1,0,1
2,1559,1559,1,1559,1948,0,1,0,1
2,2267,1010,0,1010,2002,1257,0,120,1
2,1436,1436,0,1436,2008,0,1,0,1
1,1302,630,1,630,1971,672,1,0,1
2,1935,832,0,832,2009,1103,1,0,1
1,900,864,1,900,1967,0,0,175,1
2,2439,1531,0,1531,2001,908,0,184,1
2,1179,1166,0,1179,1988,0,1,0,1
2,1909,872,0,872,2002,1037,1,0,1
2,941,941,1,941,1978,0,1,0,1
2,1570,1395,1,1570,1958,0,0,490,1
2,2622,1463,0,1500,1994,1122,0,186,1
0,1040,1040,1,1040,1978,0,1,0,1
1,1635,485,1,1001,1910,634,1,394,1
2,1456,728,0,728,2006,728,1,0,1
2,1312,1312,1,1312,1958,0,0,0,1
1,1352,663,1,663,1969,689,1,379,1
1,948,948,1,948,1954,0,0,0,1
2,1602,1602,0,1602,1977,0,0,240,1
2,1040,1040,1,1040,1968,0,1,188,1
2,1585,784,0,831,2005,754,1,100,1
2,848,848,0,848,2003,0,1,140,1
1,1052,1052,1,1052,1968,0,1,356,1
2,1040,0,1,1040,1950,0,1,0,1
2,1804,994,1,1028,1999,776,0,140,1
1,1728,1216,1,1216,1953,0,0,200,1
2,1352,1352,0,1352,2006,0,0,0,1
1,612,0,1,612,1940,0,1,0,0
2,1052,1010,1,1052,1971,0,1,0,1
2,1470,794,1,794,1997,676,1,0,1
2,1193,1176,1,1193,1975,0,0,40,1
2,1256,1256,0,1256,1986,0,0,282,1
1,1343,731,1,820,1921,523,0,192,1
2,2180,1138,1,1138,1915,1042,0,0,1
2,1102,988,1,1102,1980,0,0,140,1
1,1252,1032,1,1032,1950,220,1,0,1
1,1034,735,1,735,1940,299,1,0,1
2,1301,1145,1,1301,1924,0,1,0,1
2,1541,1541,0,1541,2005,0,0,0,1
2,1870,944,0,944,2001,926,1,256,1
2,1114,1114,0,1114,2004,0,1,248,1
1,1352,1062,1,1352,1958,0,1,168,1
1,1054,1046,0,1054,1947,0,1,0,0
2,1294,1278,1,1294,1991,0,1,112,1
2,1178,1176,1,1178,1973,0,0,224,1
2,1411,1386,1,1411,1977,0,0,192,1
1,1380,1380,1,1380,1963,0,1,0,1
2,1470,680,0,680,1993,790,0,232,1
3,1838,1838,0,1838,2006,0,0,270,1
2,1716,810,1,1170,1915,546,1,0,1
1,936,936,1,936,1969,0,1,16,1
2,1555,1373,0,1555,2005,0,0,143,1
3,1350,576,1,864,1941,486,1,0,1
3,2028,1868,0,2028,2005,0,0,326,1
0,1200,780,1,780,1930,420,1,0,1
1,1558,913,1,1048,1945,510,0,0,1
2,1982,807,0,1175,1989,807,0,0,1
1,1317,649,1,649,1920,668,1,0,0
2,2654,1054,1,1512,1968,1142,0,0,1
1,773,773,1,773,1953,0,1,0,1
3,1976,1976,0,1976,2006,0,0,250,1
1,1216,832,1,832,1947,384,1,158,1
2,1967,1967,1,1967,1977,0,1,170,1
2,1744,996,0,1014,1993,730,1,370,1
2,1252,600,0,624,1999,628,1,0,1
2,1513,0,1,1513,1979,0,1,0,1
2,2362,1220,0,1220,1998,1142,0,147,1
2,1839,1477,1,1839,1957,0,0,0,1
2,1246,1246,1,1246,1964,0,0,0,1
2,1456,728,0,728,2006,728,0,0,1
1,1268,1268,1,1268,1954,0,0,0,1
2,1680,886,0,886,1993,794,1,144,1
2,1229,561,1,561,1980,668,0,176,1
2,1561,1561,1,1561,1960,0,0,0,1
2,1768,866,0,866,2007,902,1,144,1
1,1502,776,1,851,1931,651,0,0,1
2,1114,1114,1,1114,1961,0,1,0,1
3,2448,1629,0,1686,1994,762,0,517,1
2,1339,1309,1,1339,1990,0,0,0,1
1,1358,687,1,687,1930,671,0,0,1
1,1846,1040,1,1168,1949,678,0,0,1
2,1126,1060,1,1126,1984,0,1,178,1
1,876,876,1,876,1959,0,1,0,1
3,1254,1254,0,1254,2008,0,1,168,1
0,630,630,1,630,1970,0,1,0,1
1,988,988,1,988,1966,0,1,0,1
2,1382,673,0,673,2000,709,1,153,1
1,1236,912,1,1236,1961,0,0,0,1
3,2526,1165,0,1203,1994,1323,0,309,1
1,1200,1200,1,1200,1950,0,1,126,1
2,1028,1008,1,1028,1927,0,0,0,1
3,1940,1930,0,1940,2009,0,0,168,1
3,1654,1654,0,1654,2002,0,1,0,1
2,1510,677,0,833,1910,677,1,0,1
2,1923,750,0,1061,1992,862,0,240,1
2,1491,1491,0,1491,2001,0,1,120,1
1,907,907,1,907,1957,0,1,0,1
2,1193,1153,1,1193,1972,0,1,140,1
2,2503,1223,0,1271,1990,1232,0,0,1
2,1430,1430,1,1430,1974,0,0,117,1
1,1795,1050,1,1050,1954,745,1,0,0
0,1832,1832,0,1832,1967,0,1,0,0
3,1702,1702,0,1702,2007,0,0,0,1
2,958,1078,1,958,1976,0,0,0,1
3,2344,1264,0,1277,1996,1067,0,220,1
2,1364,1220,0,1364,2006,0,0,100,1
2,1437,1437,0,1437,1976,0,0,0,1
1,1228,1228,1,1228,1966,0,1,0,1
1,1424,1228,1,1424,1921,0,0,0,1
3,1774,1095,1,1095,1900,679,1,0,0
1,1242,484,1,1242,1946,0,1,0,0
2,1898,1898,1,1898,1956,0,0,0,1
1,1100,1100,1,1100,1960,0,0,355,1
0,1096,572,1,572,1924,524,1,0,0
2,1355,728,1,760,1941,595,1,0,1
3,1616,1616,0,1616,2005,0,1,208,1
1,1218,672,1,672,1973,546,1,144,1
2,1656,1656,1,1656,1973,0,1,0,1
2,1032,516,1,516,1980,516,0,213,1
2,1217,1188,1,1217,1990,0,1,168,1
1,1826,910,0,916,1915,910,0,0,1
1,1610,972,1,1052,1938,558,0,0,1
1,952,952,1,952,1916,0,0,0,0
2,1728,1728,1,1728,1976,0,1,0,1
2,1641,1001,1,1001,1972,640,0,0,1
2,1382,1051,1,1382,1963,0,0,0,1
2,1165,1127,1,1165,1966,0,1,0,1
3,2046,998,0,1006,2003,1040,0,320,1
2,848,848,0,848,2003,0,1,140,1
3,2332,1148,0,1170,2004,1162,0,224,1
2,1638,1614,0,1638,2000,0,0,230,1
2,1181,1138,1,1181,1972,0,1,0,1
3,1863,879,0,879,2006,984,0,100,1
2,1126,0,1,1126,1949,0,1,0,1
1,1194,1194,1,1194,1959,0,1,0,1
1,641,641,1,641,1925,0,1,184,1
2,1444,1431,0,1444,2002,0,1,144,1
1,2007,917,1,1090,1900,917,1,0,1
2,1861,916,0,920,2002,941,1,146,1
2,1601,1581,0,1601,2001,0,0,180,1
1,923,923,1,923,1980,0,0,80,1
2,1180,1180,1,1180,1970,0,1,0,1
1,965,828,1,965,1965,0,1,421,1
2,1488,1488,1,1488,1968,0,0,0,1
2,2201,697,0,1575,1966,626,0,586,1
1,1050,1043,1,1050,1971,0,1,0,1
0,1406,319,1,1035,1920,371,1,0,1
3,2322,1035,0,1082,2006,1240,1,400,1
0,670,370,1,442,1945,228,1,0,0
1,925,925,1,925,1965,0,1,0,1
2,1500,1489,0,1500,2006,0,0,144,1
2,1436,884,1,884,1940,552,0,0,1
1,999,999,1,999,1962,0,1,0,1
2,1417,1417,0,1417,1997,0,0,60,1
1,1273,616,1,1055,1910,218,1,212,0
2,1204,1191,1,1204,1987,0,1,120,1
1,778,740,1,778,1940,0,0,0,1
3,2334,1590,0,1627,2009,707,0,144,1
2,1576,770,0,778,2006,798,1,0,1
2,875,385,1,875,1972,0,1,352,1
1,935,935,1,935,1965,0,1,180,1
1,630,630,1,630,1970,0,1,0,1
2,1501,1277,0,1501,1986,0,0,240,1
2,1428,1428,0,1428,2007,0,1,0,1
1,1077,961,1,1077,1920,0,1,0,1
1,1302,1302,1,1302,1964,0,1,333,1
1,1268,832,0,1036,1949,0,0,0,1
2,1576,1324,1,1072,1923,504,0,0,1
2,1322,855,1,855,1974,467,0,260,1
1,1482,672,1,810,1925,672,1,0,0
2,1969,808,1,1161,1977,808,0,0,1
2,1800,1800,0,1800,2007,0,1,288,1
2,1505,1505,1,1505,1953,0,0,0,1
2,1714,980,1,980,1988,734,0,228,1
1,836,836,1,836,1976,0,1,150,1
2,2299,938,1,957,1999,1342,0,188,1
1,976,976,1,976,1942,0,1,160,0
2,1494,1208,1,1494,1974,0,0,296,1
0,1440,1440,1,1440,1977,0,1,321,1
0,2128,1040,1,1088,1922,1040,1,0,0
2,1128,1302,1,1128,1964,0,0,0,1
2,1187,1168,1,1187,1992,0,1,483,1
3,2234,1160,0,1205,2000,1029,0,0,1
1,1526,1216,1,1526,1957,0,0,116,1
3,1575,1603,0,1575,2003,0,0,216,1
2,2614,1522,1,1548,1974,1066,0,38,1
2,1494,1494,0,1494,2002,0,0,192,1
2,3672,1836,1,1836,1935,1836,0,684,1
3,2009,672,1,1337,1928,672,0,0,1
1,1750,636,1,1089,1880,661,1,0,1
2,1872,0,1,936,1976,936,1,0,1
2,1506,1362,0,1506,2005,0,0,142,1
2,1568,1568,0,1568,2001,0,0,0,1
3,1694,1694,0,1694,2006,0,0,0,1
2,1492,1492,0,1492,2001,0,0,0,1
2,1250,661,1,661,1910,589,0,242,1
1,1368,1078,1,1368,1950,0,1,0,1
3,2687,1455,0,1466,2000,1221,0,252,1
2,1293,1178,1,1293,1954,0,1,280,1
3,1795,1795,0,1795,2006,0,0,0,1
2,833,833,1,833,1984,0,1,431,1
2,1590,768,0,786,2008,804,1,0,1
2,1362,611,1,751,1920,611,1,0,1
2,1488,1488,1,1488,1950,0,0,0,1
0,1124,0,1,1124,1954,0,0,0,1
3,1636,1623,0,1636,2006,0,0,0,1
3,1689,1689,0,1689,2007,0,1,0,1
2,998,0,0,998,1945,0,1,0,0
2,1571,799,0,799,1993,772,0,0,1
1,864,864,1,864,1972,0,1,0,1
2,2350,973,1,1377,1920,973,1,0,1
3,1922,1922,0,1922,2005,0,0,178,1
2,1400,676,1,698,1986,702,1,0,1
3,2206,1090,0,1117,2005,1089,0,148,1
2,1731,836,0,844,1992,887,1,307,1
2,1717,1156,0,1187,1990,530,0,168,1
1,1036,1036,1,1036,1953,0,1,120,1
2,2448,1438,1,1900,1962,548,0,520,1
3,1620,1620,0,1620,2007,0,0,228,1
2,2202,1105,0,1105,1992,1097,0,0,1
2,969,969,1,969,1975,0,1,0,1
2,1228,1228,0,1228,1988,0,0,168,1
2,1792,936,1,962,2000,830,0,0,1
1,912,912,1,912,1964,0,1,0,1
2,1636,916,1,916,1996,720,0,168,1
2,1365,765,1,765,1971,600,1,240,1
2,985,576,1,985,1920,0,1,0,1
2,1920,1052,0,1252,1958,668,0,0,1
2,1442,1442,1,1442,1970,0,0,371,1
2,1493,1478,1,1493,1997,0,0,140,1
0,1447,801,1,801,1910,646,1,80,0
2,1265,1219,1,1265,1965,0,0,0,1
1,1529,0,1,1088,1945,441,1,92,0
2,1800,982,1,1007,2000,793,0,100,1
1,912,912,0,912,1963,0,1,0,1
2,1679,1408,1,1679,1994,0,0,224,1
2,1460,1460,0,1460,2006,0,0,0,1
2,1971,1113,0,1113,2005,858,0,0,1
1,988,988,0,988,1959,0,1,156,1
3,1842,1842,0,1842,1981,0,0,857,1
2,1479,725,1,725,1972,754,1,0,1
3,1884,1884,0,1884,2004,0,0,214,1
2,1560,1560,1,1560,1958,0,1,0,1
1,912,912,1,912,1962,0,1,140,1
1,1855,994,1,1216,1954,639,1,182,1
2,1645,715,1,930,1971,715,1,0,1
2,1539,927,1,1067,1936,472,1,112,1
2,1640,0,1,1640,1950,0,0,0,1
2,1432,264,1,768,1910,664,1,270,1
3,1576,1393,0,1576,2004,0,0,143,1
2,1721,928,0,936,1994,785,1,300,1
3,1498,1498,0,1498,2005,0,0,144,1
0,1225,950,1,1225,1959,0,1,352,1
2,1352,676,1,676,1939,676,1,187,1
0,1020,1020,0,1020,1918,0,1,0,0
1,1150,1150,1,1150,1961,0,1,0,1
3,1609,637,1,959,1932,650,0,0,1
1,1215,1215,1,1215,1958,0,1,0,1
2,1934,1122,1,946,1977,988,0,0,1
2,848,848,0,848,2003,0,1,140,1
3,2696,2846,0,2696,2003,0,0,220,1
2,2112,952,1,1092,1969,1020,0,280,1
2,1630,1630,0,1630,2000,0,0,74,1
2,1034,456,1,1034,1978,0,0,0,1
1,720,0,1,720,1949,0,1,0,0
3,2078,1034,0,1050,2007,1028,0,0,1
2,1629,928,1,928,1997,701,0,212,1
1,1475,550,1,925,1976,550,0,92,1
2,2236,964,1,993,1997,1243,0,0,1
1,909,882,1,909,1968,0,1,0,1
2,1626,764,0,764,2003,862,1,0,1
2,1764,928,1,928,1997,836,1,276,1
1,1339,1029,1,1339,1958,0,1,0,1
2,1362,1362,0,1362,2005,0,0,192,1
2,1083,1047,0,1083,1976,0,0,444,1
0,858,858,1,858,1971,0,1,0,1
1,789,768,1,789,1926,0,1,0,0
2,1199,1199,0,1199,1993,0,1,0,1
2,1694,1694,0,1694,1977,0,0,501,1
2,1626,764,0,764,2003,862,1,0,1
1,907,907,1,907,1978,0,1,72,1
1,1183,649,1,679,1948,504,1,0,1
1,1696,1140,1,1696,1962,0,0,0,1
2,1759,1449,0,944,1992,815,0,150,1
3,1563,1563,1,1563,2007,0,0,144,1
2,1549,744,1,757,1999,792,1,0,1
2,1235,1235,0,1235,1980,0,0,133,1
1,1150,1078,1,1150,1955,0,1,0,1
2,1204,1204,1,1204,1998,0,1,0,1
2,864,864,1,864,1970,0,1,0,1
1,1624,1444,1,1624,1952,0,0,0,1
0,1218,672,1,672,1971,546,1,201,1
2,2073,1542,1,2073,1978,0,0,349,1
1,1148,1148,1,1148,1959,0,1,0,1
2,1456,855,1,855,1978,601,0,26,1
2,988,938,1,988,1969,0,0,0,1
3,1795,900,0,909,2006,886,0,168,1
3,1670,1670,0,1670,2006,0,0,0,1
1,1494,771,1,753,1942,741,0,0,1
2,1250,625,0,625,2006,625,1,0,1
2,1200,1174,1,1200,1966,0,0,0,1
3,1512,1512,0,1512,2004,0,1,210,1
3,2161,1582,0,1610,2007,551,0,178,1
2,2345,952,1,1170,1932,1175,0,0,1
2,1433,1433,0,1433,1987,0,0,0,1
2,861,861,1,861,1940,0,1,158,1
2,2108,1127,1,1236,1935,872,0,0,1
1,1051,1051,1,1051,1966,0,1,182,1
1,827,0,1,827,1955,0,0,0,1
3,1694,1694,0,1694,2007,0,1,168,1
2,1567,1562,1,1567,1966,0,0,0,1
2,1611,784,0,784,2005,827,1,144,1
2,1902,1100,1,1226,1923,676,1,0,1
2,1256,1145,0,1256,2008,0,0,0,1
2,1690,915,1,940,2000,750,0,0,1
2,884,840,1,884,1983,0,1,240,1
2,2654,671,1,1567,1920,1087,0,128,1
2,2461,1140,0,1929,1952,532,0,0,1
1,1304,264,1,616,1977,688,0,141,1
1,1435,910,1,910,1950,525,1,0,1
1,796,796,1,796,1972,0,1,138,1
2,1216,1216,1,1216,1998,0,1,0,1
2,1470,738,1,868,1922,602,1,0,1
2,1609,754,0,754,1995,855,1,0,1
2,1604,926,1,926,1997,678,0,0,1
1,2372,994,1,1378,1892,994,1,0,0
2,1313,1313,1,1313,1961,0,0,172,1
1,1245,1008,1,1060,1920,185,1,0,1
1,1154,796,1,796,1922,358,1,0,1
1,1565,1187,1,1565,1965,0,0,200,1
1,1159,1051,1,1159,1968,0,0,466,1
3,2331,1414,0,1414,2005,917,0,192,1
2,1498,1498,0,1498,2006,0,1,351,1
2,1720,860,0,860,2004,860,1,0,1
2,1584,1584,1,1584,1967,0,1,0,1
3,1866,1858,0,1866,2008,0,0,0,1
2,1920,570,1,1222,1968,698,0,0,1
1,1646,918,1,918,1941,728,0,0,1
1,1080,1080,1,1080,1958,0,1,0,1
2,1752,559,0,1080,1988,672,1,325,1
1,874,864,1,874,1968,0,1,0,1
2,1730,816,0,833,1992,897,1,0,1
1,792,768,0,792,1924,0,1,316,1
2,1428,712,1,848,1900,580,1,264,1
1,1827,848,1,1017,1924,810,0,27,0
0,784,784,1,784,1955,0,1,112,0
3,2036,2190,0,2036,2008,0,0,90,1
3,2473,1094,0,1102,2006,1371,0,246,1
1,1258,560,1,698,1939,560,1,0,1
2,1373,1319,1,1373,1978,0,0,0,1
2,1325,409,1,1325,1948,0,0,0,1
3,1880,955,0,955,2007,925,0,168,1
2,988,988,1,988,1962,0,1,0,1
2,1707,1686,0,1707,1981,0,0,574,1
0,1120,1120,1,1120,2007,0,1,0,1
1,1342,1342,1,1342,1951,0,1,0,1
3,2046,1994,0,2046,2005,0,0,188,1
1,1302,630,1,630,1972,672,1,0,1
3,1569,1386,0,1569,2007,0,0,143,1
2,1595,1582,1,1595,1991,0,1,0,1
0,1140,1140,1,1140,2006,0,1,36,1
2,1382,1362,1,1382,1962,0,0,0,1
2,1721,1461,1,1721,1968,0,0,0,1
1,1118,1118,1,1118,1960,0,1,290,1
2,2786,1848,0,1827,1993,959,0,294,1
1,1164,1164,1,1164,1950,0,1,0,0
1,1376,738,1,714,1905,662,1,0,1
1,790,768,1,790,1930,0,1,0,0
1,1802,793,1,901,1920,901,0,0,1
2,1122,924,1,1122,1948,0,1,0,1
2,2097,1108,1,1108,1998,989,0,253,1
1,923,876,1,923,1984,0,1,362,1
2,2978,710,0,1898,1967,1080,0,240,1
3,2100,918,0,958,2007,1142,0,172,1
2,2036,2136,1,2036,1965,0,0,0,1
1,1340,780,1,816,1945,524,1,0,0
2,848,848,0,848,2003,0,1,140,1
1,1056,1056,1,1056,1958,0,1,0,1
1,912,912,1,912,1958,0,1,12,1
1,1768,731,1,981,1937,787,0,0,1
2,1236,600,0,600,2005,636,1,0,1
2,1915,908,0,927,1992,988,0,120,1
2,1252,504,1,936,1908,316,1,104,1
3,3222,1673,1,1699,1990,1523,0,367,1
2,1080,530,0,530,2003,550,1,0,1
1,985,985,0,985,1977,0,1,210,1
2,1786,920,0,920,2001,866,0,0,1
2,1930,780,1,1085,1979,845,0,192,1
2,1724,1680,1,1724,1967,0,0,0,1
1,2142,896,1,1182,1968,960,0,0,1
3,1973,1935,0,1973,2006,0,0,315,1
2,1316,1316,0,1316,2007,0,0,0,1
1,1298,651,1,759,1921,539,0,216,1
2,1365,765,1,765,1970,600,1,0,1
1,912,912,1,912,1961,0,1,168,1
2,1501,1501,0,1501,1987,0,0,240,1
1,1055,1061,1,1055,1978,0,1,108,1
1,948,948,1,948,1968,0,1,147,1
3,1541,1541,0,1541,2001,0,0,468,1
2,1306,1306,0,1306,2005,0,0,170,1
1,816,816,1,816,1982,0,1,168,1
1,1143,1008,0,1143,1928,0,0,265,1
2,1452,1420,1,1452,1964,0,0,92,1
2,1728,864,0,864,2004,864,1,187,1
1,1510,755,1,755,1920,755,1,0,1
2,1453,1453,1,1453,1961,0,0,0,1
3,2389,1054,0,1054,2006,1335,0,176,1
2,1320,1164,1,1320,1966,0,0,160,1
2,1538,1538,0,1538,2005,0,1,146,1
2,876,876,1,876,1972,0,1,0,1
2,1321,1312,0,1321,1990,0,0,0,1
2,1724,880,1,880,1998,844,1,120,1
1,1422,1290,1,1422,1926,0,1,0,1
2,1851,822,1,1020,1964,831,0,239,1
2,1226,1226,0,1226,1980,0,0,133,1
2,1584,1574,0,1584,2007,0,0,0,1
2,1297,1297,1,1297,1954,0,0,0,1
3,1850,1833,0,1850,2004,0,0,519,1
2,715,715,1,715,1929,0,1,0,0
2,1533,1533,1,1533,1975,0,0,200,1
1,988,876,1,988,1950,0,1,0,1
2,1514,794,1,819,2000,695,0,0,1
2,1458,729,1,729,1999,729,0,0,1
2,1456,728,0,728,2007,728,0,100,1
1,1206,1206,1,1206,1959,0,1,0,1
1,1374,884,1,932,1938,442,1,64,1
2,1798,1075,1,1156,1900,642,1,0,1
0,1344,536,0,808,1915,536,1,42,0
3,3500,1733,0,1933,1993,1567,0,870,1
1,2315,1168,1,1278,1950,1037,0,0,1
1,1078,1054,1,1078,1925,0,1,0,1
2,1335,1335,0,1335,2006,0,1,0,1
2,1452,691,0,713,1999,739,1,0,1
0,2256,840,1,1128,1910,1128,1,0,0
2,1617,1604,0,1617,1993,0,0,0,1
2,1154,1154,1,1154,1966,0,0,0,1
1,768,768,1,768,1955,0,0,0,1
1,1154,864,1,1154,1953,0,1,63,1
1,1416,780,1,780,1948,636,1,221,1
2,1767,1064,0,1064,1987,703,0,441,1
1,2133,1528,0,1225,1941,908,0,0,1
1,1369,672,1,697,1925,672,1,147,0
2,864,864,1,864,1971,0,1,216,1
2,1775,533,1,1131,1964,644,1,0,1
2,1962,888,1,888,1915,1074,0,160,1
2,1040,1040,1,1040,1996,0,1,168,1
2,1676,1160,1,1676,1977,0,0,690,1
2,1479,1468,0,1479,1999,0,1,120,1
2,1326,1326,1,1326,2005,0,1,120,1
3,2552,2552,0,2552,2007,0,0,130,1
3,2956,1706,0,1718,2004,1238,0,194,1
1,1595,940,1,1192,1940,403,0,0,1
1,864,864,1,864,1963,0,1,0,1
2,1877,1084,1,1084,1974,793,0,0,1
2,1414,707,0,707,2004,707,0,100,1
2,1644,941,1,961,1999,683,0,460,1
2,914,914,1,914,1979,0,1,0,1
4,1344,1344,1,1344,1997,0,1,0,1
2,1312,1267,0,1312,2001,0,1,256,1
2,1866,1866,1,1866,1958,0,1,0,1
1,896,882,1,896,1961,0,1,140,1
2,1476,738,0,738,2007,738,1,0,1
2,1558,690,1,868,1939,690,0,0,1
3,2541,1149,0,1164,2005,1377,0,120,1
0,1594,828,1,828,1910,658,1,0,1
2,1755,840,1,840,1999,915,0,176,1
2,1212,506,1,1212,1977,0,0,292,1
0,1964,940,1,1024,1911,940,1,0,0
2,1494,1494,0,1494,1994,0,0,0,1
2,1114,1114,1,1114,2003,0,1,0,1
2,1709,970,0,970,2004,739,1,0,1
2,1088,1074,0,1088,1986,0,1,0,1
2,2291,1214,1,1260,1910,1031,0,0,0
1,1374,840,0,840,1920,534,1,0,1
1,1183,528,1,1183,1959,0,1,0,1
1,672,672,0,672,1940,0,1,88,1
2,1444,384,1,744,2006,700,1,100,1
1,1031,1031,0,1031,1952,0,1,0,1
2,1418,1418,1,1418,1997,0,0,208,1
2,1361,1351,0,1361,2007,0,1,0,1
0,968,600,1,600,1910,368,1,0,0
1,1117,1117,1,1117,1963,0,1,0,1
2,2013,1117,0,1127,1996,886,0,180,1
2,1224,1224,1,1224,1999,0,1,0,1
2,1176,816,1,816,1934,0,0,112,1
1,1576,1042,1,1042,1928,534,0,0,1
3,3493,1470,1,1675,1880,1818,0,302,1
2,1524,1524,1,1524,1979,0,0,140,1
2,1674,1163,1,1163,1918,511,0,72,1
1,816,816,1,816,1922,0,1,0,1
2,1132,1132,1,1132,2005,0,1,252,1
1,1111,530,1,581,1920,530,1,0,0
1,1639,1064,1,1166,1936,0,1,0,1
2,981,981,1,981,1971,0,1,0,1
1,1505,883,1,988,1940,517,1,0,1
3,1717,756,1,961,1915,756,0,0,1
1,1638,967,1,967,1957,671,1,0,1
2,1440,1440,0,1440,1981,0,0,0,1
3,2332,1682,0,1742,2007,590,0,196,1
1,1049,1049,0,1049,1984,0,1,0,1
1,1376,780,1,780,1937,596,0,0,1
1,988,462,1,526,1973,462,0,0,1
2,2414,954,1,1766,1900,648,0,142,0
2,894,864,1,894,1974,0,0,241,1
2,1040,0,1,1040,1949,0,1,0,0
2,970,970,1,970,1963,0,1,0,1
2,1577,1577,0,1577,2005,0,0,203,1
2,1671,1426,0,1671,1976,0,0,280,1
2,1190,1106,1,1190,1962,0,1,0,1
4,2790,1620,0,1632,2005,1158,0,30,1
0,1114,1114,1,1114,2004,0,1,0,1
2,1302,630,1,630,1970,672,1,0,1
1,1176,1176,1,1176,1969,0,1,0,1
2,1051,1051,1,1051,1968,0,1,0,1
2,1320,660,0,660,2003,660,1,0,1
1,1144,1144,1,1144,1960,0,0,0,1
2,1200,600,0,600,2004,600,1,0,1
2,2064,2048,0,2064,1978,0,0,200,1
3,2014,2014,0,2014,1980,0,0,462,1
2,1762,826,0,878,2002,884,1,320,1
2,2184,1068,0,1068,2003,1116,0,192,1
2,848,848,0,848,2004,0,0,140,1
1,958,958,1,958,1960,0,1,0,1
2,1337,1405,0,1337,1998,0,1,144,1
0,1092,0,0,372,1930,720,1,0,0
0,1792,896,1,896,1974,896,1,32,1
2,1504,1504,0,1504,1996,0,0,115,1
2,864,864,1,864,1970,0,1,210,1
2,1310,1310,0,1310,2005,0,0,0,1
2,1523,1193,1,1523,1976,0,0,0,1
2,1430,596,1,834,1924,596,1,218,1
0,796,796,1,796,1910,0,1,328,1
2,2104,1226,1,1226,1910,878,1,0,1
3,1641,1641,0,1641,2008,0,1,0,1
2,1786,1499,1,1619,1965,167,0,670,1
2,1525,1525,0,1525,2000,0,1,219,1
2,1652,1592,1,1652,1959,0,0,0,1
2,1453,1453,1,1453,1986,0,0,0,1
2,1673,1673,0,1673,2000,0,0,306,1
2,1879,1079,0,1079,1993,800,0,400,1
2,1394,384,0,754,2003,640,0,100,1
2,1964,1100,0,1116,2005,848,0,200,1
2,2061,1070,0,1094,1995,967,0,296,1
1,2071,825,1,2071,1956,0,0,131,1
2,1152,912,1,1152,1968,0,1,0,1
1,1068,1124,1,1068,1923,0,0,0,1
2,1072,547,1,1072,2005,0,1,0,1
1,1340,0,1,1340,1957,0,0,116,1
4,2034,0,1,2034,1953,0,1,483,1
2,1588,725,0,725,2007,863,1,0,1
2,1707,1140,1,1707,1978,0,0,0,1
3,2945,1410,0,1426,2006,1519,0,192,1
1,892,892,1,892,1967,0,1,0,1
3,1634,1626,0,1634,2006,0,0,0,1
2,2119,689,1,1378,1972,741,0,0,1
2,1641,728,1,832,1925,809,0,0,1
2,1920,960,1,960,1930,960,0,248,1
2,1200,600,0,600,2005,600,1,0,1
2,1398,684,1,684,1976,714,0,0,1
1,1077,1007,1,1077,1922,0,0,0,0
1,2526,714,1,1664,1916,862,0,88,0
1,890,890,1,890,1968,0,1,0,0
0,1198,901,1,1088,1920,110,1,0,1
2,2157,924,1,1216,1966,941,0,105,1
2,1839,1195,0,1195,1998,644,1,0,1
2,1285,660,1,1285,1977,0,0,138,1
2,1719,1719,0,1719,1993,0,0,122,1
2,2060,992,0,1022,1999,1038,0,0,1
2,2524,2524,0,2524,1981,0,0,474,1
1,1123,732,1,772,1939,351,1,0,1
0,1200,1200,1,1200,1987,0,1,120,1
2,1240,1265,1,1240,1985,0,1,232,1
1,1639,747,1,892,1946,747,0,0,1
2,1342,1342,0,1342,2006,0,0,0,1
2,848,848,0,848,2003,0,1,140,1
2,1274,624,1,624,1991,650,1,22,1
2,1388,1388,1,1388,1968,0,0,0,1
3,2183,1204,0,1377,1988,806,1,0,1
2,2093,791,1,1236,1986,857,0,364,1
2,832,832,1,832,1954,0,1,0,1
2,1314,1314,0,1314,2007,0,0,172,1
4,2787,1168,1,1168,2000,1619,0,312,1
3,1670,1670,0,1670,2006,0,0,144,1
2,1638,943,1,943,1998,695,0,100,1
2,1174,680,1,680,1900,494,0,116,1
2,1710,576,1,902,1921,808,1,12,1
1,1224,816,1,816,1948,408,1,414,1
2,1495,1495,1,1495,1989,0,0,252,1
2,1779,951,0,951,1999,828,0,208,1
3,2726,1342,0,1358,1995,1368,0,307,1
1,1389,651,1,707,1946,682,0,0,1
0,1152,0,1,1152,1955,0,1,0,0
2,1218,1218,0,1218,2007,0,1,168,1
1,864,864,1,864,1959,0,1,168,1
2,1782,1782,0,1782,1979,0,0,467,1
3,2262,1482,0,1482,2003,780,0,168,1
2,2080,1040,1,1040,1969,1040,0,335,1
1,918,852,1,918,1975,0,1,192,1
1,836,836,1,836,1975,0,1,0,1
2,860,840,1,860,1982,0,1,0,1
2,747,600,1,747,1926,0,1,0,1
3,1564,1564,0,1564,2007,0,1,0,1
2,1188,988,1,1188,1956,0,0,102,1
2,879,864,1,879,1975,0,1,0,1
2,1040,1040,1,1040,1925,0,1,0,1
2,1194,655,1,1194,1959,0,0,0,1
2,2314,1150,0,1164,2003,1150,0,0,1
1,1889,925,0,964,1910,925,0,0,0
2,1508,1508,0,1508,2009,0,0,0,1
2,894,894,1,894,1968,0,0,0,1
2,1419,1487,0,1419,2002,0,1,196,1
1,864,864,1,864,1959,0,1,0,1
2,1509,783,0,807,2003,702,0,0,1
1,899,481,1,899,1910,0,1,0,0
2,3194,965,1,1940,1934,1254,0,0,1
2,1299,967,1,1299,1954,0,0,81,1
1,1363,1008,0,1363,1951,0,0,324,1
1,1512,798,0,798,1925,714,0,85,1
0,729,0,1,729,1945,0,1,0,0
2,876,876,1,876,1951,0,0,0,1
1,932,932,1,932,1950,0,0,0,1
1,912,912,1,912,1962,0,1,0,1
1,2008,896,1,1112,1948,896,1,103,1
2,2290,777,1,1246,1885,1044,1,0,1
0,1100,1100,1,1100,2006,0,1,0,1
1,630,630,1,630,1970,0,1,0,1
2,2559,868,0,1313,1989,1246,0,0,1
1,1282,672,1,778,1942,504,1,0,0
2,1433,1251,1,1433,1961,0,0,144,1
2,1504,1346,0,1504,2005,0,0,156,1
2,1432,716,0,716,2004,716,0,100,1
2,2134,844,1,1445,1916,689,1,0,0
2,1178,1090,1,1178,1976,0,1,0,1
2,1173,1053,1,1173,1974,0,0,0,1
2,1456,1451,0,1456,2008,0,0,192,1
2,1812,952,0,952,2002,860,0,144,1
2,1501,697,1,697,1993,804,0,190,1
2,1344,819,1,1344,1958,0,0,0,1
1,1053,1053,0,1053,1959,0,1,0,1
2,1598,848,0,848,2004,750,0,100,1
1,1636,818,1,818,1919,818,0,0,1
0,1716,780,1,936,1912,780,1,0,0
3,2324,1175,0,1182,2005,1142,0,147,1
2,1121,1121,1,1121,1963,0,1,0,1
3,1828,1822,0,1828,2007,0,0,0,1
0,1306,728,1,1306,1940,0,1,263,1
2,1025,1015,1,1025,1976,0,0,127,1
2,848,848,0,848,2004,0,0,149,1
0,630,630,1,630,1972,0,1,96,1
1,1440,1248,1,1440,1959,0,1,150,1
2,1484,742,0,742,2005,742,0,36,1
2,1088,1088,1,1088,1963,0,1,0,1
3,1424,1100,1,1424,1969,0,1,144,1
2,1414,707,0,707,2002,707,0,100,1
2,1728,864,0,864,2003,864,1,216,1
1,1740,936,0,960,1920,780,0,0,0
1,768,768,1,768,1972,0,1,192,1
